status,path,previous_path,decision,role,rationale,dependency_basis
M,.dockerignore,,retain,build and integration,"Retains offline historical CI prerequisites, temporary epic coverage and excludes research data/local outputs from runtime image",Dockerfile; tools/historical.py; .github/workflows/publish.yml
M,.github/workflows/ci.yml,,retain,build and integration,"Retains offline historical CI prerequisites, temporary epic coverage and excludes research data/local outputs from runtime image",Dockerfile; tools/historical.py; .github/workflows/publish.yml
M,.gitignore,,retain,build and integration,"Retains offline historical CI prerequisites, temporary epic coverage and excludes research data/local outputs from runtime image",Dockerfile; tools/historical.py; .github/workflows/publish.yml
M,AGENTS.md,,retain,documentation and decisions,"Durable design/setup/selection rules, historical reproduction or exact release-selection rationale",README.md; data/README.md; tools/README.md
M,README.md,,consolidate,current reader guidance,Current-first reader guidance; historical detail separated or explicitly scoped; scientific contracts preserved,docs/historical-benchmark.md; docs/historical-evaluation-methodology.md; data/README.md; data/findings/
M,adr/001-chunking-and-retrieval.md,,retain,documentation and decisions,"Durable design/setup/selection rules, historical reproduction or exact release-selection rationale",README.md; data/README.md; tools/README.md
M,adr/002-evaluation-methodology.md,,consolidate,current reader guidance,Current-first reader guidance; historical detail separated or explicitly scoped; scientific contracts preserved,docs/historical-benchmark.md; docs/historical-evaluation-methodology.md; data/README.md; data/findings/
M,adr/003-deployment-and-containerisation.md,,consolidate,documentation and decisions,Current-first reader guidance; historical detail separated or explicitly scoped; scientific contracts preserved,README.md; data/README.md; tools/README.md
D,compare_evals.py,,omit,superseded root utility,Root comparator replaced by maintained versioned utility,tools/evaluation/compare_evals.py; test_evaluation.py
A,data/README.md,,retain,documentation and decisions,"Durable design/setup/selection rules, historical reproduction or exact release-selection rationale",README.md; data/README.md; tools/README.md
A,data/archive/development/combined-v1/PRE_RUN_REVIEW.md,,retain,historical development evidence,Preserved parent inputs/results and final model-review evidence; distinguishes superseded experiment from current claims,tools/historical.py; data/evaluations/provenance/artifact_hashes.json; data/evaluations/provenance/release_verification_v1.json
A,data/archive/development/combined-v1/README.md,,retain,historical development evidence,Preserved parent inputs/results and final model-review evidence; distinguishes superseded experiment from current claims,tools/historical.py; data/evaluations/provenance/artifact_hashes.json; data/evaluations/provenance/release_verification_v1.json
A,data/archive/development/combined-v1/REPORT.md,,retain,historical development evidence,Preserved parent inputs/results and final model-review evidence; distinguishes superseded experiment from current claims,tools/historical.py; data/evaluations/provenance/artifact_hashes.json; data/evaluations/provenance/release_verification_v1.json
A,data/archive/development/combined-v1/analysis.json,,retain,historical development evidence,Preserved parent inputs/results and final model-review evidence; distinguishes superseded experiment from current claims,tools/historical.py; data/evaluations/provenance/artifact_hashes.json; data/evaluations/provenance/release_verification_v1.json
A,data/archive/development/combined-v1/artifact_hashes.json,,retain,historical development evidence,Preserved parent inputs/results and final model-review evidence; distinguishes superseded experiment from current claims,tools/historical.py; data/evaluations/provenance/artifact_hashes.json; data/evaluations/provenance/release_verification_v1.json
A,data/archive/development/combined-v1/cardiology/conditions.json,,retain,historical development evidence,Preserved parent inputs/results and final model-review evidence; distinguishes superseded experiment from current claims,tools/historical.py; data/evaluations/provenance/artifact_hashes.json; data/evaluations/provenance/release_verification_v1.json
A,data/archive/development/combined-v1/cardiology/manifest.json,,retain,historical development evidence,Preserved parent inputs/results and final model-review evidence; distinguishes superseded experiment from current claims,tools/historical.py; data/evaluations/provenance/artifact_hashes.json; data/evaluations/provenance/release_verification_v1.json
A,data/archive/development/combined-v1/cardiology/queries.json,,retain,historical development evidence,Preserved parent inputs/results and final model-review evidence; distinguishes superseded experiment from current claims,tools/historical.py; data/evaluations/provenance/artifact_hashes.json; data/evaluations/provenance/release_verification_v1.json
A,data/archive/development/combined-v1/diabetes/conditions.json,,retain,historical development evidence,Preserved parent inputs/results and final model-review evidence; distinguishes superseded experiment from current claims,tools/historical.py; data/evaluations/provenance/artifact_hashes.json; data/evaluations/provenance/release_verification_v1.json
A,data/archive/development/combined-v1/diabetes/manifest.json,,retain,historical development evidence,Preserved parent inputs/results and final model-review evidence; distinguishes superseded experiment from current claims,tools/historical.py; data/evaluations/provenance/artifact_hashes.json; data/evaluations/provenance/release_verification_v1.json
A,data/archive/development/combined-v1/diabetes/queries.json,,retain,historical development evidence,Preserved parent inputs/results and final model-review evidence; distinguishes superseded experiment from current claims,tools/historical.py; data/evaluations/provenance/artifact_hashes.json; data/evaluations/provenance/release_verification_v1.json
A,data/archive/development/combined-v1/oncology/conditions.json,,retain,historical development evidence,Preserved parent inputs/results and final model-review evidence; distinguishes superseded experiment from current claims,tools/historical.py; data/evaluations/provenance/artifact_hashes.json; data/evaluations/provenance/release_verification_v1.json
A,data/archive/development/combined-v1/oncology/manifest.json,,retain,historical development evidence,Preserved parent inputs/results and final model-review evidence; distinguishes superseded experiment from current claims,tools/historical.py; data/evaluations/provenance/artifact_hashes.json; data/evaluations/provenance/release_verification_v1.json
A,data/archive/development/combined-v1/oncology/queries.json,,retain,historical development evidence,Preserved parent inputs/results and final model-review evidence; distinguishes superseded experiment from current claims,tools/historical.py; data/evaluations/provenance/artifact_hashes.json; data/evaluations/provenance/release_verification_v1.json
A,data/archive/development/combined-v1/outliers/conditions.json,,retain,historical development evidence,Preserved parent inputs/results and final model-review evidence; distinguishes superseded experiment from current claims,tools/historical.py; data/evaluations/provenance/artifact_hashes.json; data/evaluations/provenance/release_verification_v1.json
A,data/archive/development/combined-v1/outliers/manifest.json,,retain,historical development evidence,Preserved parent inputs/results and final model-review evidence; distinguishes superseded experiment from current claims,tools/historical.py; data/evaluations/provenance/artifact_hashes.json; data/evaluations/provenance/release_verification_v1.json
A,data/archive/development/combined-v1/outliers/queries.json,,retain,historical development evidence,Preserved parent inputs/results and final model-review evidence; distinguishes superseded experiment from current claims,tools/historical.py; data/evaluations/provenance/artifact_hashes.json; data/evaluations/provenance/release_verification_v1.json
A,data/archive/development/combined-v1/runs/C3-ingestion.json,,retain,historical development evidence,Preserved parent inputs/results and final model-review evidence; distinguishes superseded experiment from current claims,tools/historical.py; data/evaluations/provenance/artifact_hashes.json; data/evaluations/provenance/release_verification_v1.json
A,data/archive/development/combined-v1/runs/cardiology-C1-parent.json,,retain,historical development evidence,Preserved parent inputs/results and final model-review evidence; distinguishes superseded experiment from current claims,tools/historical.py; data/evaluations/provenance/artifact_hashes.json; data/evaluations/provenance/release_verification_v1.json
A,data/archive/development/combined-v1/runs/cardiology-C2-parent.json,,retain,historical development evidence,Preserved parent inputs/results and final model-review evidence; distinguishes superseded experiment from current claims,tools/historical.py; data/evaluations/provenance/artifact_hashes.json; data/evaluations/provenance/release_verification_v1.json
A,data/archive/development/combined-v1/runs/cardiology-C3-vector.json,,retain,historical development evidence,Preserved parent inputs/results and final model-review evidence; distinguishes superseded experiment from current claims,tools/historical.py; data/evaluations/provenance/artifact_hashes.json; data/evaluations/provenance/release_verification_v1.json
A,data/archive/development/combined-v1/runs/diabetes-C2-parent.json,,retain,historical development evidence,Preserved parent inputs/results and final model-review evidence; distinguishes superseded experiment from current claims,tools/historical.py; data/evaluations/provenance/artifact_hashes.json; data/evaluations/provenance/release_verification_v1.json
A,data/archive/development/combined-v1/runs/diabetes-C3-vector.json,,retain,historical development evidence,Preserved parent inputs/results and final model-review evidence; distinguishes superseded experiment from current claims,tools/historical.py; data/evaluations/provenance/artifact_hashes.json; data/evaluations/provenance/release_verification_v1.json
A,data/archive/development/combined-v1/runs/oncology-C2-parent.json,,retain,historical development evidence,Preserved parent inputs/results and final model-review evidence; distinguishes superseded experiment from current claims,tools/historical.py; data/evaluations/provenance/artifact_hashes.json; data/evaluations/provenance/release_verification_v1.json
A,data/archive/development/combined-v1/runs/oncology-C3-vector.json,,retain,historical development evidence,Preserved parent inputs/results and final model-review evidence; distinguishes superseded experiment from current claims,tools/historical.py; data/evaluations/provenance/artifact_hashes.json; data/evaluations/provenance/release_verification_v1.json
A,data/archive/development/combined-v1/runs/outliers-C1-parent.json,,retain,historical development evidence,Preserved parent inputs/results and final model-review evidence; distinguishes superseded experiment from current claims,tools/historical.py; data/evaluations/provenance/artifact_hashes.json; data/evaluations/provenance/release_verification_v1.json
A,data/archive/development/combined-v1/runs/outliers-C3-vector.json,,retain,historical development evidence,Preserved parent inputs/results and final model-review evidence; distinguishes superseded experiment from current claims,tools/historical.py; data/evaluations/provenance/artifact_hashes.json; data/evaluations/provenance/release_verification_v1.json
A,data/archive/development/validation/v1/REPORT.md,,retain,historical development evidence,Preserved parent inputs/results and final model-review evidence; distinguishes superseded experiment from current claims,tools/historical.py; data/evaluations/provenance/artifact_hashes.json; data/evaluations/provenance/release_verification_v1.json
A,data/archive/development/validation/v1/results/final_findings.json,,retain,historical development evidence,Preserved parent inputs/results and final model-review evidence; distinguishes superseded experiment from current claims,tools/historical.py; data/evaluations/provenance/artifact_hashes.json; data/evaluations/provenance/release_verification_v1.json
A,data/archive/development/validation/v1/results/final_verification.json,,retain,historical development evidence,Preserved parent inputs/results and final model-review evidence; distinguishes superseded experiment from current claims,tools/historical.py; data/evaluations/provenance/artifact_hashes.json; data/evaluations/provenance/release_verification_v1.json
R100,data/archive/v1/corpus_manifest.json,corpus_manifest.json,retain,original V1 evidence,Exact original manifest/gold/results and schemas; legacy regression and migration baseline,tools/evaluation/eval_golden.py; tools/evaluation/eval_context_sufficient.py; tools/corpus/verify_cardiology_selection.py; tools/corpus/verify_oncology_release.py
R100,data/archive/v1/evaluations/context_sufficient_eval_results.json,eval_results/context_sufficient_eval_results.json,retain,original V1 evidence,Exact original manifest/gold/results and schemas; legacy regression and migration baseline,tools/evaluation/eval_golden.py; tools/evaluation/eval_context_sufficient.py; tools/corpus/verify_cardiology_selection.py; tools/corpus/verify_oncology_release.py
R100,data/archive/v1/evaluations/eval_results_baseline.json,eval_results/eval_results_baseline.json,retain,original V1 evidence,Exact original manifest/gold/results and schemas; legacy regression and migration baseline,tools/evaluation/eval_golden.py; tools/evaluation/eval_context_sufficient.py; tools/corpus/verify_cardiology_selection.py; tools/corpus/verify_oncology_release.py
R100,data/archive/v1/evaluations/eval_results_bm25.json,eval_results/eval_results_bm25.json,retain,original V1 evidence,Exact original manifest/gold/results and schemas; legacy regression and migration baseline,tools/evaluation/eval_golden.py; tools/evaluation/eval_context_sufficient.py; tools/corpus/verify_cardiology_selection.py; tools/corpus/verify_oncology_release.py
R100,data/archive/v1/evaluations/eval_results_bm25_rewrite.json,eval_results/eval_results_bm25_rewrite.json,retain,original V1 evidence,Exact original manifest/gold/results and schemas; legacy regression and migration baseline,tools/evaluation/eval_golden.py; tools/evaluation/eval_context_sufficient.py; tools/corpus/verify_cardiology_selection.py; tools/corpus/verify_oncology_release.py
R100,data/archive/v1/evaluations/eval_results_rewrite.json,eval_results/eval_results_rewrite.json,retain,original V1 evidence,Exact original manifest/gold/results and schemas; legacy regression and migration baseline,tools/evaluation/eval_golden.py; tools/evaluation/eval_context_sufficient.py; tools/corpus/verify_cardiology_selection.py; tools/corpus/verify_oncology_release.py
R100,data/archive/v1/golden_qa.json,golden_qa.json,retain,original V1 evidence,Exact original manifest/gold/results and schemas; legacy regression and migration baseline,tools/evaluation/eval_golden.py; tools/evaluation/eval_context_sufficient.py; tools/corpus/verify_cardiology_selection.py; tools/corpus/verify_oncology_release.py
A,data/benchmark/PRE_RUN_REVIEW.md,,retain,current benchmark contract,Frozen questions/conditions/dependencies/corrections/reachability or their reader guidance,tools/evaluation/eval_benchmark.py; tools/evaluation/render_case_index.py; tools/historical.py
A,data/benchmark/README.md,,consolidate,current benchmark contract,Current-first reader guidance; historical detail separated or explicitly scoped; scientific contracts preserved,tools/evaluation/eval_benchmark.py; tools/evaluation/render_case_index.py; tools/historical.py
A,data/benchmark/als-ftd/conditions.json,,retain,current benchmark contract,Frozen questions/conditions/dependencies/corrections/reachability or their reader guidance,tools/evaluation/eval_benchmark.py; tools/evaluation/render_case_index.py; tools/historical.py
A,data/benchmark/als-ftd/manifest.json,,retain,current benchmark contract,Frozen questions/conditions/dependencies/corrections/reachability or their reader guidance,tools/evaluation/eval_benchmark.py; tools/evaluation/render_case_index.py; tools/historical.py
A,data/benchmark/als-ftd/queries.json,,retain,current benchmark contract,Frozen questions/conditions/dependencies/corrections/reachability or their reader guidance,tools/evaluation/eval_benchmark.py; tools/evaluation/render_case_index.py; tools/historical.py
A,data/benchmark/cardiology/conditions.json,,retain,current benchmark contract,Frozen questions/conditions/dependencies/corrections/reachability or their reader guidance,tools/evaluation/eval_benchmark.py; tools/evaluation/render_case_index.py; tools/historical.py
A,data/benchmark/cardiology/manifest.json,,retain,current benchmark contract,Frozen questions/conditions/dependencies/corrections/reachability or their reader guidance,tools/evaluation/eval_benchmark.py; tools/evaluation/render_case_index.py; tools/historical.py
A,data/benchmark/cardiology/queries.json,,retain,current benchmark contract,Frozen questions/conditions/dependencies/corrections/reachability or their reader guidance,tools/evaluation/eval_benchmark.py; tools/evaluation/render_case_index.py; tools/historical.py
A,data/benchmark/case_dependencies.json,,retain,current benchmark contract,Frozen questions/conditions/dependencies/corrections/reachability or their reader guidance,tools/evaluation/eval_benchmark.py; tools/evaluation/render_case_index.py; tools/historical.py
A,data/benchmark/cases/README.md,,retain,generated review aid,Readable question/source/evidence/expected-response relationships derived from authoritative gold,tools/evaluation/render_case_index.py; data/benchmark/case_dependencies.json
A,data/benchmark/cases/als-ftd.md,,retain,generated review aid,Readable question/source/evidence/expected-response relationships derived from authoritative gold,tools/evaluation/render_case_index.py; data/benchmark/case_dependencies.json
A,data/benchmark/cases/articles.md,,retain,generated review aid,Readable question/source/evidence/expected-response relationships derived from authoritative gold,tools/evaluation/render_case_index.py; data/benchmark/case_dependencies.json
A,data/benchmark/cases/cardiology.md,,retain,generated review aid,Readable question/source/evidence/expected-response relationships derived from authoritative gold,tools/evaluation/render_case_index.py; data/benchmark/case_dependencies.json
A,data/benchmark/cases/diabetes.md,,retain,generated review aid,Readable question/source/evidence/expected-response relationships derived from authoritative gold,tools/evaluation/render_case_index.py; data/benchmark/case_dependencies.json
A,data/benchmark/cases/oncology.md,,retain,generated review aid,Readable question/source/evidence/expected-response relationships derived from authoritative gold,tools/evaluation/render_case_index.py; data/benchmark/case_dependencies.json
A,data/benchmark/cases/outliers.md,,retain,generated review aid,Readable question/source/evidence/expected-response relationships derived from authoritative gold,tools/evaluation/render_case_index.py; data/benchmark/case_dependencies.json
A,data/benchmark/corrections/2026-10-05/README.md,,consolidate,current benchmark contract,Current-first reader guidance; historical detail separated or explicitly scoped; scientific contracts preserved,tools/evaluation/eval_benchmark.py; tools/evaluation/render_case_index.py; tools/historical.py
A,data/benchmark/corrections/2026-10-05/revision_ledger.json,,retain,current benchmark contract,Frozen questions/conditions/dependencies/corrections/reachability or their reader guidance,tools/evaluation/eval_benchmark.py; tools/evaluation/render_case_index.py; tools/historical.py
A,data/benchmark/corrections/2026-10-05/verification.json,,retain,current benchmark contract,Frozen questions/conditions/dependencies/corrections/reachability or their reader guidance,tools/evaluation/eval_benchmark.py; tools/evaluation/render_case_index.py; tools/historical.py
A,data/benchmark/diabetes/conditions.json,,retain,current benchmark contract,Frozen questions/conditions/dependencies/corrections/reachability or their reader guidance,tools/evaluation/eval_benchmark.py; tools/evaluation/render_case_index.py; tools/historical.py
A,data/benchmark/diabetes/manifest.json,,retain,current benchmark contract,Frozen questions/conditions/dependencies/corrections/reachability or their reader guidance,tools/evaluation/eval_benchmark.py; tools/evaluation/render_case_index.py; tools/historical.py
A,data/benchmark/diabetes/queries.json,,retain,current benchmark contract,Frozen questions/conditions/dependencies/corrections/reachability or their reader guidance,tools/evaluation/eval_benchmark.py; tools/evaluation/render_case_index.py; tools/historical.py
A,data/benchmark/oncology/conditions.json,,retain,current benchmark contract,Frozen questions/conditions/dependencies/corrections/reachability or their reader guidance,tools/evaluation/eval_benchmark.py; tools/evaluation/render_case_index.py; tools/historical.py
A,data/benchmark/oncology/manifest.json,,retain,current benchmark contract,Frozen questions/conditions/dependencies/corrections/reachability or their reader guidance,tools/evaluation/eval_benchmark.py; tools/evaluation/render_case_index.py; tools/historical.py
A,data/benchmark/oncology/queries.json,,retain,current benchmark contract,Frozen questions/conditions/dependencies/corrections/reachability or their reader guidance,tools/evaluation/eval_benchmark.py; tools/evaluation/render_case_index.py; tools/historical.py
A,data/benchmark/outliers/conditions.json,,retain,current benchmark contract,Frozen questions/conditions/dependencies/corrections/reachability or their reader guidance,tools/evaluation/eval_benchmark.py; tools/evaluation/render_case_index.py; tools/historical.py
A,data/benchmark/outliers/manifest.json,,retain,current benchmark contract,Frozen questions/conditions/dependencies/corrections/reachability or their reader guidance,tools/evaluation/eval_benchmark.py; tools/evaluation/render_case_index.py; tools/historical.py
A,data/benchmark/outliers/queries.json,,retain,current benchmark contract,Frozen questions/conditions/dependencies/corrections/reachability or their reader guidance,tools/evaluation/eval_benchmark.py; tools/evaluation/render_case_index.py; tools/historical.py
A,data/benchmark/reachability.json,,retain,current benchmark contract,Frozen questions/conditions/dependencies/corrections/reachability or their reader guidance,tools/evaluation/eval_benchmark.py; tools/evaluation/render_case_index.py; tools/historical.py
A,data/benchmark/sources/als-ftd/v1/ATTRIBUTION.md,,retain,topic selection and provenance,Source identities/attribution/metadata and authoring/migration records; saved topic runs provide historical comparison or parent provenance,data/manifest.json; tools/corpus/verify_cardiology_selection.py; tools/corpus/verify_oncology_release.py; tools/historical.py
A,data/benchmark/sources/als-ftd/v1/README.md,,retain,topic selection and provenance,Source identities/attribution/metadata and authoring/migration records; saved topic runs provide historical comparison or parent provenance,data/manifest.json; tools/corpus/verify_cardiology_selection.py; tools/corpus/verify_oncology_release.py; tools/historical.py
A,data/benchmark/sources/als-ftd/v1/candidate_log.json,,retain,topic selection and provenance,Source identities/attribution/metadata and authoring/migration records; saved topic runs provide historical comparison or parent provenance,data/manifest.json; tools/corpus/verify_cardiology_selection.py; tools/corpus/verify_oncology_release.py; tools/historical.py
A,data/benchmark/sources/als-ftd/v1/case_dependencies.json,,retain,topic selection and provenance,Source identities/attribution/metadata and authoring/migration records; saved topic runs provide historical comparison or parent provenance,data/manifest.json; tools/corpus/verify_cardiology_selection.py; tools/corpus/verify_oncology_release.py; tools/historical.py
A,data/benchmark/sources/als-ftd/v1/conditions.json,,retain,topic selection and provenance,Source identities/attribution/metadata and authoring/migration records; saved topic runs provide historical comparison or parent provenance,data/manifest.json; tools/corpus/verify_cardiology_selection.py; tools/corpus/verify_oncology_release.py; tools/historical.py
A,data/benchmark/sources/als-ftd/v1/manifest.json,,retain,topic selection and provenance,Source identities/attribution/metadata and authoring/migration records; saved topic runs provide historical comparison or parent provenance,data/manifest.json; tools/corpus/verify_cardiology_selection.py; tools/corpus/verify_oncology_release.py; tools/historical.py
A,data/benchmark/sources/als-ftd/v1/metadata/PMC10188109.1.cloud.json,,retain,topic selection and provenance,Source identities/attribution/metadata and authoring/migration records; saved topic runs provide historical comparison or parent provenance,data/manifest.json; tools/corpus/verify_cardiology_selection.py; tools/corpus/verify_oncology_release.py; tools/historical.py
A,data/benchmark/sources/als-ftd/v1/metadata/PMC10188109.1.id-converter.json,,retain,topic selection and provenance,Source identities/attribution/metadata and authoring/migration records; saved topic runs provide historical comparison or parent provenance,data/manifest.json; tools/corpus/verify_cardiology_selection.py; tools/corpus/verify_oncology_release.py; tools/historical.py
A,data/benchmark/sources/als-ftd/v1/metadata/PMC10188109.1.pubmed.xml,,retain,topic selection and provenance,Source identities/attribution/metadata and authoring/migration records; saved topic runs provide historical comparison or parent provenance,data/manifest.json; tools/corpus/verify_cardiology_selection.py; tools/corpus/verify_oncology_release.py; tools/historical.py
A,data/benchmark/sources/als-ftd/v1/metadata/PMC10802081.1.cloud.json,,retain,topic selection and provenance,Source identities/attribution/metadata and authoring/migration records; saved topic runs provide historical comparison or parent provenance,data/manifest.json; tools/corpus/verify_cardiology_selection.py; tools/corpus/verify_oncology_release.py; tools/historical.py
A,data/benchmark/sources/als-ftd/v1/metadata/PMC10802081.1.id-converter.json,,retain,topic selection and provenance,Source identities/attribution/metadata and authoring/migration records; saved topic runs provide historical comparison or parent provenance,data/manifest.json; tools/corpus/verify_cardiology_selection.py; tools/corpus/verify_oncology_release.py; tools/historical.py
A,data/benchmark/sources/als-ftd/v1/metadata/PMC10802081.1.pubmed.xml,,retain,topic selection and provenance,Source identities/attribution/metadata and authoring/migration records; saved topic runs provide historical comparison or parent provenance,data/manifest.json; tools/corpus/verify_cardiology_selection.py; tools/corpus/verify_oncology_release.py; tools/historical.py
A,data/benchmark/sources/als-ftd/v1/metadata/PMC11047104.1.cloud.json,,retain,topic selection and provenance,Source identities/attribution/metadata and authoring/migration records; saved topic runs provide historical comparison or parent provenance,data/manifest.json; tools/corpus/verify_cardiology_selection.py; tools/corpus/verify_oncology_release.py; tools/historical.py
A,data/benchmark/sources/als-ftd/v1/metadata/PMC11047104.1.id-converter.json,,retain,topic selection and provenance,Source identities/attribution/metadata and authoring/migration records; saved topic runs provide historical comparison or parent provenance,data/manifest.json; tools/corpus/verify_cardiology_selection.py; tools/corpus/verify_oncology_release.py; tools/historical.py
A,data/benchmark/sources/als-ftd/v1/metadata/PMC11047104.1.pubmed.xml,,retain,topic selection and provenance,Source identities/attribution/metadata and authoring/migration records; saved topic runs provide historical comparison or parent provenance,data/manifest.json; tools/corpus/verify_cardiology_selection.py; tools/corpus/verify_oncology_release.py; tools/historical.py
A,data/benchmark/sources/als-ftd/v1/metadata/PMC11527445.1.cloud.json,,retain,topic selection and provenance,Source identities/attribution/metadata and authoring/migration records; saved topic runs provide historical comparison or parent provenance,data/manifest.json; tools/corpus/verify_cardiology_selection.py; tools/corpus/verify_oncology_release.py; tools/historical.py
A,data/benchmark/sources/als-ftd/v1/metadata/PMC11527445.1.id-converter.json,,retain,topic selection and provenance,Source identities/attribution/metadata and authoring/migration records; saved topic runs provide historical comparison or parent provenance,data/manifest.json; tools/corpus/verify_cardiology_selection.py; tools/corpus/verify_oncology_release.py; tools/historical.py
A,data/benchmark/sources/als-ftd/v1/metadata/PMC11527445.1.pubmed.xml,,retain,topic selection and provenance,Source identities/attribution/metadata and authoring/migration records; saved topic runs provide historical comparison or parent provenance,data/manifest.json; tools/corpus/verify_cardiology_selection.py; tools/corpus/verify_oncology_release.py; tools/historical.py
A,data/benchmark/sources/als-ftd/v1/queries.json,,retain,topic selection and provenance,Source identities/attribution/metadata and authoring/migration records; saved topic runs provide historical comparison or parent provenance,data/manifest.json; tools/corpus/verify_cardiology_selection.py; tools/corpus/verify_oncology_release.py; tools/historical.py
A,data/benchmark/sources/als-ftd/v1/reachability.json,,retain,topic selection and provenance,Source identities/attribution/metadata and authoring/migration records; saved topic runs provide historical comparison or parent provenance,data/manifest.json; tools/corpus/verify_cardiology_selection.py; tools/corpus/verify_oncology_release.py; tools/historical.py
A,data/benchmark/sources/als-ftd/v1/verification.json,,retain,topic selection and provenance,Source identities/attribution/metadata and authoring/migration records; saved topic runs provide historical comparison or parent provenance,data/manifest.json; tools/corpus/verify_cardiology_selection.py; tools/corpus/verify_oncology_release.py; tools/historical.py
A,data/benchmark/sources/cardiology/v1/ATTRIBUTION.md,,retain,topic selection and provenance,Source identities/attribution/metadata and authoring/migration records; saved topic runs provide historical comparison or parent provenance,data/manifest.json; tools/corpus/verify_cardiology_selection.py; tools/corpus/verify_oncology_release.py; tools/historical.py
A,data/benchmark/sources/cardiology/v1/BENCHMARK.md,,retain,topic selection and provenance,Source identities/attribution/metadata and authoring/migration records; saved topic runs provide historical comparison or parent provenance,data/manifest.json; tools/corpus/verify_cardiology_selection.py; tools/corpus/verify_oncology_release.py; tools/historical.py
A,data/benchmark/sources/cardiology/v1/README.md,,retain,topic selection and provenance,Source identities/attribution/metadata and authoring/migration records; saved topic runs provide historical comparison or parent provenance,data/manifest.json; tools/corpus/verify_cardiology_selection.py; tools/corpus/verify_oncology_release.py; tools/historical.py
A,data/benchmark/sources/cardiology/v1/REPORT.md,,retain,topic selection and provenance,Source identities/attribution/metadata and authoring/migration records; saved topic runs provide historical comparison or parent provenance,data/manifest.json; tools/corpus/verify_cardiology_selection.py; tools/corpus/verify_oncology_release.py; tools/historical.py
A,data/benchmark/sources/cardiology/v1/case_dependencies.json,,retain,topic selection and provenance,Source identities/attribution/metadata and authoring/migration records; saved topic runs provide historical comparison or parent provenance,data/manifest.json; tools/corpus/verify_cardiology_selection.py; tools/corpus/verify_oncology_release.py; tools/historical.py
A,data/benchmark/sources/cardiology/v1/case_review.json,,retain,topic selection and provenance,Source identities/attribution/metadata and authoring/migration records; saved topic runs provide historical comparison or parent provenance,data/manifest.json; tools/corpus/verify_cardiology_selection.py; tools/corpus/verify_oncology_release.py; tools/historical.py
A,data/benchmark/sources/cardiology/v1/conditions.json,,retain,topic selection and provenance,Source identities/attribution/metadata and authoring/migration records; saved topic runs provide historical comparison or parent provenance,data/manifest.json; tools/corpus/verify_cardiology_selection.py; tools/corpus/verify_oncology_release.py; tools/historical.py
A,data/benchmark/sources/cardiology/v1/evidence_map.json,,retain,topic selection and provenance,Source identities/attribution/metadata and authoring/migration records; saved topic runs provide historical comparison or parent provenance,data/manifest.json; tools/corpus/verify_cardiology_selection.py; tools/corpus/verify_oncology_release.py; tools/historical.py
A,data/benchmark/sources/cardiology/v1/manifest.json,,retain,topic selection and provenance,Source identities/attribution/metadata and authoring/migration records; saved topic runs provide historical comparison or parent provenance,data/manifest.json; tools/corpus/verify_cardiology_selection.py; tools/corpus/verify_oncology_release.py; tools/historical.py
A,data/benchmark/sources/cardiology/v1/metadata/PMC10363301.1.json,,retain,topic selection and provenance,Source identities/attribution/metadata and authoring/migration records; saved topic runs provide historical comparison or parent provenance,data/manifest.json; tools/corpus/verify_cardiology_selection.py; tools/corpus/verify_oncology_release.py; tools/historical.py
A,data/benchmark/sources/cardiology/v1/metadata/PMC10607686.1.json,,retain,topic selection and provenance,Source identities/attribution/metadata and authoring/migration records; saved topic runs provide historical comparison or parent provenance,data/manifest.json; tools/corpus/verify_cardiology_selection.py; tools/corpus/verify_oncology_release.py; tools/historical.py
A,data/benchmark/sources/cardiology/v1/metadata/PMC10619268.1.json,,retain,topic selection and provenance,Source identities/attribution/metadata and authoring/migration records; saved topic runs provide historical comparison or parent provenance,data/manifest.json; tools/corpus/verify_cardiology_selection.py; tools/corpus/verify_oncology_release.py; tools/historical.py
A,data/benchmark/sources/cardiology/v1/metadata/PMC10985250.1.json,,retain,topic selection and provenance,Source identities/attribution/metadata and authoring/migration records; saved topic runs provide historical comparison or parent provenance,data/manifest.json; tools/corpus/verify_cardiology_selection.py; tools/corpus/verify_oncology_release.py; tools/historical.py
A,data/benchmark/sources/cardiology/v1/metadata/PMC11265054.1.json,,retain,topic selection and provenance,Source identities/attribution/metadata and authoring/migration records; saved topic runs provide historical comparison or parent provenance,data/manifest.json; tools/corpus/verify_cardiology_selection.py; tools/corpus/verify_oncology_release.py; tools/historical.py
A,data/benchmark/sources/cardiology/v1/metadata/PMC11354916.1.json,,retain,topic selection and provenance,Source identities/attribution/metadata and authoring/migration records; saved topic runs provide historical comparison or parent provenance,data/manifest.json; tools/corpus/verify_cardiology_selection.py; tools/corpus/verify_oncology_release.py; tools/historical.py
A,data/benchmark/sources/cardiology/v1/metadata/PMC11373557.1.json,,retain,topic selection and provenance,Source identities/attribution/metadata and authoring/migration records; saved topic runs provide historical comparison or parent provenance,data/manifest.json; tools/corpus/verify_cardiology_selection.py; tools/corpus/verify_oncology_release.py; tools/historical.py
A,data/benchmark/sources/cardiology/v1/metadata/PMC11374717.1.json,,retain,topic selection and provenance,Source identities/attribution/metadata and authoring/migration records; saved topic runs provide historical comparison or parent provenance,data/manifest.json; tools/corpus/verify_cardiology_selection.py; tools/corpus/verify_oncology_release.py; tools/historical.py
A,data/benchmark/sources/cardiology/v1/metadata/PMC11514186.1.json,,retain,topic selection and provenance,Source identities/attribution/metadata and authoring/migration records; saved topic runs provide historical comparison or parent provenance,data/manifest.json; tools/corpus/verify_cardiology_selection.py; tools/corpus/verify_oncology_release.py; tools/historical.py
A,data/benchmark/sources/cardiology/v1/metadata/PMC11549774.1.json,,retain,topic selection and provenance,Source identities/attribution/metadata and authoring/migration records; saved topic runs provide historical comparison or parent provenance,data/manifest.json; tools/corpus/verify_cardiology_selection.py; tools/corpus/verify_oncology_release.py; tools/historical.py
A,data/benchmark/sources/cardiology/v1/metadata/PMC11973566.1.json,,retain,topic selection and provenance,Source identities/attribution/metadata and authoring/migration records; saved topic runs provide historical comparison or parent provenance,data/manifest.json; tools/corpus/verify_cardiology_selection.py; tools/corpus/verify_oncology_release.py; tools/historical.py
A,data/benchmark/sources/cardiology/v1/metadata/PMC12003177.1.json,,retain,topic selection and provenance,Source identities/attribution/metadata and authoring/migration records; saved topic runs provide historical comparison or parent provenance,data/manifest.json; tools/corpus/verify_cardiology_selection.py; tools/corpus/verify_oncology_release.py; tools/historical.py
A,data/benchmark/sources/cardiology/v1/metadata/PMC12436478.1.json,,retain,topic selection and provenance,Source identities/attribution/metadata and authoring/migration records; saved topic runs provide historical comparison or parent provenance,data/manifest.json; tools/corpus/verify_cardiology_selection.py; tools/corpus/verify_oncology_release.py; tools/historical.py
A,data/benchmark/sources/cardiology/v1/metadata/PMC12683810.1.json,,retain,topic selection and provenance,Source identities/attribution/metadata and authoring/migration records; saved topic runs provide historical comparison or parent provenance,data/manifest.json; tools/corpus/verify_cardiology_selection.py; tools/corpus/verify_oncology_release.py; tools/historical.py
A,data/benchmark/sources/cardiology/v1/metadata/PMC12880197.1.json,,retain,topic selection and provenance,Source identities/attribution/metadata and authoring/migration records; saved topic runs provide historical comparison or parent provenance,data/manifest.json; tools/corpus/verify_cardiology_selection.py; tools/corpus/verify_oncology_release.py; tools/historical.py
A,data/benchmark/sources/cardiology/v1/metadata/PMC12886974.1.json,,retain,topic selection and provenance,Source identities/attribution/metadata and authoring/migration records; saved topic runs provide historical comparison or parent provenance,data/manifest.json; tools/corpus/verify_cardiology_selection.py; tools/corpus/verify_oncology_release.py; tools/historical.py
A,data/benchmark/sources/cardiology/v1/metadata/PMC13433181.1.json,,retain,topic selection and provenance,Source identities/attribution/metadata and authoring/migration records; saved topic runs provide historical comparison or parent provenance,data/manifest.json; tools/corpus/verify_cardiology_selection.py; tools/corpus/verify_oncology_release.py; tools/historical.py
A,data/benchmark/sources/cardiology/v1/metadata/PMC13433862.1.json,,retain,topic selection and provenance,Source identities/attribution/metadata and authoring/migration records; saved topic runs provide historical comparison or parent provenance,data/manifest.json; tools/corpus/verify_cardiology_selection.py; tools/corpus/verify_oncology_release.py; tools/historical.py
A,data/benchmark/sources/cardiology/v1/metadata/PMC13439631.1.json,,retain,topic selection and provenance,Source identities/attribution/metadata and authoring/migration records; saved topic runs provide historical comparison or parent provenance,data/manifest.json; tools/corpus/verify_cardiology_selection.py; tools/corpus/verify_oncology_release.py; tools/historical.py
A,data/benchmark/sources/cardiology/v1/metadata/PMC4804513.1.json,,retain,topic selection and provenance,Source identities/attribution/metadata and authoring/migration records; saved topic runs provide historical comparison or parent provenance,data/manifest.json; tools/corpus/verify_cardiology_selection.py; tools/corpus/verify_oncology_release.py; tools/historical.py
A,data/benchmark/sources/cardiology/v1/metadata/PMC8866621.1.json,,retain,topic selection and provenance,Source identities/attribution/metadata and authoring/migration records; saved topic runs provide historical comparison or parent provenance,data/manifest.json; tools/corpus/verify_cardiology_selection.py; tools/corpus/verify_oncology_release.py; tools/historical.py
A,data/benchmark/sources/cardiology/v1/metadata/id-converter.json,,retain,topic selection and provenance,Source identities/attribution/metadata and authoring/migration records; saved topic runs provide historical comparison or parent provenance,data/manifest.json; tools/corpus/verify_cardiology_selection.py; tools/corpus/verify_oncology_release.py; tools/historical.py
A,data/benchmark/sources/cardiology/v1/metadata/pubmed-batch.xml,,retain,topic selection and provenance,Source identities/attribution/metadata and authoring/migration records; saved topic runs provide historical comparison or parent provenance,data/manifest.json; tools/corpus/verify_cardiology_selection.py; tools/corpus/verify_oncology_release.py; tools/historical.py
A,data/benchmark/sources/cardiology/v1/migration.json,,retain,topic selection and provenance,Source identities/attribution/metadata and authoring/migration records; saved topic runs provide historical comparison or parent provenance,data/manifest.json; tools/corpus/verify_cardiology_selection.py; tools/corpus/verify_oncology_release.py; tools/historical.py
A,data/benchmark/sources/cardiology/v1/queries.json,,retain,topic selection and provenance,Source identities/attribution/metadata and authoring/migration records; saved topic runs provide historical comparison or parent provenance,data/manifest.json; tools/corpus/verify_cardiology_selection.py; tools/corpus/verify_oncology_release.py; tools/historical.py
A,data/benchmark/sources/cardiology/v1/runs/C1-ingestion.json,,retain,topic selection and provenance,Source identities/attribution/metadata and authoring/migration records; saved topic runs provide historical comparison or parent provenance,data/manifest.json; tools/corpus/verify_cardiology_selection.py; tools/corpus/verify_oncology_release.py; tools/historical.py
A,data/benchmark/sources/cardiology/v1/runs/C1-vector.json,,retain,topic selection and provenance,Source identities/attribution/metadata and authoring/migration records; saved topic runs provide historical comparison or parent provenance,data/manifest.json; tools/corpus/verify_cardiology_selection.py; tools/corpus/verify_oncology_release.py; tools/historical.py
A,data/benchmark/sources/cardiology/v1/runs/C2-ingestion.json,,retain,topic selection and provenance,Source identities/attribution/metadata and authoring/migration records; saved topic runs provide historical comparison or parent provenance,data/manifest.json; tools/corpus/verify_cardiology_selection.py; tools/corpus/verify_oncology_release.py; tools/historical.py
A,data/benchmark/sources/cardiology/v1/runs/C2-vector.json,,retain,topic selection and provenance,Source identities/attribution/metadata and authoring/migration records; saved topic runs provide historical comparison or parent provenance,data/manifest.json; tools/corpus/verify_cardiology_selection.py; tools/corpus/verify_oncology_release.py; tools/historical.py
A,data/benchmark/sources/cardiology/v1/runs/artifacts.json,,retain,topic selection and provenance,Source identities/attribution/metadata and authoring/migration records; saved topic runs provide historical comparison or parent provenance,data/manifest.json; tools/corpus/verify_cardiology_selection.py; tools/corpus/verify_oncology_release.py; tools/historical.py
A,data/benchmark/sources/diabetes/v1/ATTRIBUTION.md,,retain,topic selection and provenance,Source identities/attribution/metadata and authoring/migration records; saved topic runs provide historical comparison or parent provenance,data/manifest.json; tools/corpus/verify_cardiology_selection.py; tools/corpus/verify_oncology_release.py; tools/historical.py
A,data/benchmark/sources/diabetes/v1/AUDIT.md,,retain,topic selection and provenance,Source identities/attribution/metadata and authoring/migration records; saved topic runs provide historical comparison or parent provenance,data/manifest.json; tools/corpus/verify_cardiology_selection.py; tools/corpus/verify_oncology_release.py; tools/historical.py
A,data/benchmark/sources/diabetes/v1/README.md,,retain,topic selection and provenance,Source identities/attribution/metadata and authoring/migration records; saved topic runs provide historical comparison or parent provenance,data/manifest.json; tools/corpus/verify_cardiology_selection.py; tools/corpus/verify_oncology_release.py; tools/historical.py
A,data/benchmark/sources/diabetes/v1/REPORT.md,,retain,topic selection and provenance,Source identities/attribution/metadata and authoring/migration records; saved topic runs provide historical comparison or parent provenance,data/manifest.json; tools/corpus/verify_cardiology_selection.py; tools/corpus/verify_oncology_release.py; tools/historical.py
A,data/benchmark/sources/diabetes/v1/cardio-regression/conditions.json,,retain,topic selection and provenance,Source identities/attribution/metadata and authoring/migration records; saved topic runs provide historical comparison or parent provenance,data/manifest.json; tools/corpus/verify_cardiology_selection.py; tools/corpus/verify_oncology_release.py; tools/historical.py
A,data/benchmark/sources/diabetes/v1/cardio-regression/manifest.json,,retain,topic selection and provenance,Source identities/attribution/metadata and authoring/migration records; saved topic runs provide historical comparison or parent provenance,data/manifest.json; tools/corpus/verify_cardiology_selection.py; tools/corpus/verify_oncology_release.py; tools/historical.py
A,data/benchmark/sources/diabetes/v1/cardio-regression/queries.json,,retain,topic selection and provenance,Source identities/attribution/metadata and authoring/migration records; saved topic runs provide historical comparison or parent provenance,data/manifest.json; tools/corpus/verify_cardiology_selection.py; tools/corpus/verify_oncology_release.py; tools/historical.py
A,data/benchmark/sources/diabetes/v1/case_dependencies.json,,retain,topic selection and provenance,Source identities/attribution/metadata and authoring/migration records; saved topic runs provide historical comparison or parent provenance,data/manifest.json; tools/corpus/verify_cardiology_selection.py; tools/corpus/verify_oncology_release.py; tools/historical.py
A,data/benchmark/sources/diabetes/v1/case_review.json,,retain,topic selection and provenance,Source identities/attribution/metadata and authoring/migration records; saved topic runs provide historical comparison or parent provenance,data/manifest.json; tools/corpus/verify_cardiology_selection.py; tools/corpus/verify_oncology_release.py; tools/historical.py
A,data/benchmark/sources/diabetes/v1/conditions.json,,retain,topic selection and provenance,Source identities/attribution/metadata and authoring/migration records; saved topic runs provide historical comparison or parent provenance,data/manifest.json; tools/corpus/verify_cardiology_selection.py; tools/corpus/verify_oncology_release.py; tools/historical.py
A,data/benchmark/sources/diabetes/v1/evidence_map.json,,retain,topic selection and provenance,Source identities/attribution/metadata and authoring/migration records; saved topic runs provide historical comparison or parent provenance,data/manifest.json; tools/corpus/verify_cardiology_selection.py; tools/corpus/verify_oncology_release.py; tools/historical.py
A,data/benchmark/sources/diabetes/v1/legacy_audit.json,,retain,topic selection and provenance,Source identities/attribution/metadata and authoring/migration records; saved topic runs provide historical comparison or parent provenance,data/manifest.json; tools/corpus/verify_cardiology_selection.py; tools/corpus/verify_oncology_release.py; tools/historical.py
A,data/benchmark/sources/diabetes/v1/manifest.json,,retain,topic selection and provenance,Source identities/attribution/metadata and authoring/migration records; saved topic runs provide historical comparison or parent provenance,data/manifest.json; tools/corpus/verify_cardiology_selection.py; tools/corpus/verify_oncology_release.py; tools/historical.py
A,data/benchmark/sources/diabetes/v1/metadata/PMC10363301.1.json,,retain,topic selection and provenance,Source identities/attribution/metadata and authoring/migration records; saved topic runs provide historical comparison or parent provenance,data/manifest.json; tools/corpus/verify_cardiology_selection.py; tools/corpus/verify_oncology_release.py; tools/historical.py
A,data/benchmark/sources/diabetes/v1/metadata/PMC10452755-id-converter.json,,retain,topic selection and provenance,Source identities/attribution/metadata and authoring/migration records; saved topic runs provide historical comparison or parent provenance,data/manifest.json; tools/corpus/verify_cardiology_selection.py; tools/corpus/verify_oncology_release.py; tools/historical.py
A,data/benchmark/sources/diabetes/v1/metadata/PMC10452755-pubmed.xml,,retain,topic selection and provenance,Source identities/attribution/metadata and authoring/migration records; saved topic runs provide historical comparison or parent provenance,data/manifest.json; tools/corpus/verify_cardiology_selection.py; tools/corpus/verify_oncology_release.py; tools/historical.py
A,data/benchmark/sources/diabetes/v1/metadata/PMC10452755.1.json,,retain,topic selection and provenance,Source identities/attribution/metadata and authoring/migration records; saved topic runs provide historical comparison or parent provenance,data/manifest.json; tools/corpus/verify_cardiology_selection.py; tools/corpus/verify_oncology_release.py; tools/historical.py
A,data/benchmark/sources/diabetes/v1/metadata/PMC10607686.1.json,,retain,topic selection and provenance,Source identities/attribution/metadata and authoring/migration records; saved topic runs provide historical comparison or parent provenance,data/manifest.json; tools/corpus/verify_cardiology_selection.py; tools/corpus/verify_oncology_release.py; tools/historical.py
A,data/benchmark/sources/diabetes/v1/metadata/PMC10619268.1.json,,retain,topic selection and provenance,Source identities/attribution/metadata and authoring/migration records; saved topic runs provide historical comparison or parent provenance,data/manifest.json; tools/corpus/verify_cardiology_selection.py; tools/corpus/verify_oncology_release.py; tools/historical.py
A,data/benchmark/sources/diabetes/v1/metadata/PMC10985250.1.json,,retain,topic selection and provenance,Source identities/attribution/metadata and authoring/migration records; saved topic runs provide historical comparison or parent provenance,data/manifest.json; tools/corpus/verify_cardiology_selection.py; tools/corpus/verify_oncology_release.py; tools/historical.py
A,data/benchmark/sources/diabetes/v1/metadata/PMC11265054.1.json,,retain,topic selection and provenance,Source identities/attribution/metadata and authoring/migration records; saved topic runs provide historical comparison or parent provenance,data/manifest.json; tools/corpus/verify_cardiology_selection.py; tools/corpus/verify_oncology_release.py; tools/historical.py
A,data/benchmark/sources/diabetes/v1/metadata/PMC11354916.1.json,,retain,topic selection and provenance,Source identities/attribution/metadata and authoring/migration records; saved topic runs provide historical comparison or parent provenance,data/manifest.json; tools/corpus/verify_cardiology_selection.py; tools/corpus/verify_oncology_release.py; tools/historical.py
A,data/benchmark/sources/diabetes/v1/metadata/PMC11373557.1.json,,retain,topic selection and provenance,Source identities/attribution/metadata and authoring/migration records; saved topic runs provide historical comparison or parent provenance,data/manifest.json; tools/corpus/verify_cardiology_selection.py; tools/corpus/verify_oncology_release.py; tools/historical.py
A,data/benchmark/sources/diabetes/v1/metadata/PMC11374717.1.json,,retain,topic selection and provenance,Source identities/attribution/metadata and authoring/migration records; saved topic runs provide historical comparison or parent provenance,data/manifest.json; tools/corpus/verify_cardiology_selection.py; tools/corpus/verify_oncology_release.py; tools/historical.py
A,data/benchmark/sources/diabetes/v1/metadata/PMC11514186.1.json,,retain,topic selection and provenance,Source identities/attribution/metadata and authoring/migration records; saved topic runs provide historical comparison or parent provenance,data/manifest.json; tools/corpus/verify_cardiology_selection.py; tools/corpus/verify_oncology_release.py; tools/historical.py
A,data/benchmark/sources/diabetes/v1/metadata/PMC11549774.1.json,,retain,topic selection and provenance,Source identities/attribution/metadata and authoring/migration records; saved topic runs provide historical comparison or parent provenance,data/manifest.json; tools/corpus/verify_cardiology_selection.py; tools/corpus/verify_oncology_release.py; tools/historical.py
A,data/benchmark/sources/diabetes/v1/metadata/PMC11847805-id-converter.json,,retain,topic selection and provenance,Source identities/attribution/metadata and authoring/migration records; saved topic runs provide historical comparison or parent provenance,data/manifest.json; tools/corpus/verify_cardiology_selection.py; tools/corpus/verify_oncology_release.py; tools/historical.py
A,data/benchmark/sources/diabetes/v1/metadata/PMC11847805-pubmed.xml,,retain,topic selection and provenance,Source identities/attribution/metadata and authoring/migration records; saved topic runs provide historical comparison or parent provenance,data/manifest.json; tools/corpus/verify_cardiology_selection.py; tools/corpus/verify_oncology_release.py; tools/historical.py
A,data/benchmark/sources/diabetes/v1/metadata/PMC11847805.1.json,,retain,topic selection and provenance,Source identities/attribution/metadata and authoring/migration records; saved topic runs provide historical comparison or parent provenance,data/manifest.json; tools/corpus/verify_cardiology_selection.py; tools/corpus/verify_oncology_release.py; tools/historical.py
A,data/benchmark/sources/diabetes/v1/metadata/PMC11973566.1.json,,retain,topic selection and provenance,Source identities/attribution/metadata and authoring/migration records; saved topic runs provide historical comparison or parent provenance,data/manifest.json; tools/corpus/verify_cardiology_selection.py; tools/corpus/verify_oncology_release.py; tools/historical.py
A,data/benchmark/sources/diabetes/v1/metadata/PMC12003177.1.json,,retain,topic selection and provenance,Source identities/attribution/metadata and authoring/migration records; saved topic runs provide historical comparison or parent provenance,data/manifest.json; tools/corpus/verify_cardiology_selection.py; tools/corpus/verify_oncology_release.py; tools/historical.py
A,data/benchmark/sources/diabetes/v1/metadata/PMC12419643-id-converter.json,,retain,topic selection and provenance,Source identities/attribution/metadata and authoring/migration records; saved topic runs provide historical comparison or parent provenance,data/manifest.json; tools/corpus/verify_cardiology_selection.py; tools/corpus/verify_oncology_release.py; tools/historical.py
A,data/benchmark/sources/diabetes/v1/metadata/PMC12419643-pubmed.xml,,retain,topic selection and provenance,Source identities/attribution/metadata and authoring/migration records; saved topic runs provide historical comparison or parent provenance,data/manifest.json; tools/corpus/verify_cardiology_selection.py; tools/corpus/verify_oncology_release.py; tools/historical.py
A,data/benchmark/sources/diabetes/v1/metadata/PMC12419643.1.json,,retain,topic selection and provenance,Source identities/attribution/metadata and authoring/migration records; saved topic runs provide historical comparison or parent provenance,data/manifest.json; tools/corpus/verify_cardiology_selection.py; tools/corpus/verify_oncology_release.py; tools/historical.py
A,data/benchmark/sources/diabetes/v1/metadata/PMC12436478.1.json,,retain,topic selection and provenance,Source identities/attribution/metadata and authoring/migration records; saved topic runs provide historical comparison or parent provenance,data/manifest.json; tools/corpus/verify_cardiology_selection.py; tools/corpus/verify_oncology_release.py; tools/historical.py
A,data/benchmark/sources/diabetes/v1/metadata/PMC12683810.1.json,,retain,topic selection and provenance,Source identities/attribution/metadata and authoring/migration records; saved topic runs provide historical comparison or parent provenance,data/manifest.json; tools/corpus/verify_cardiology_selection.py; tools/corpus/verify_oncology_release.py; tools/historical.py
A,data/benchmark/sources/diabetes/v1/metadata/PMC12880197.1.json,,retain,topic selection and provenance,Source identities/attribution/metadata and authoring/migration records; saved topic runs provide historical comparison or parent provenance,data/manifest.json; tools/corpus/verify_cardiology_selection.py; tools/corpus/verify_oncology_release.py; tools/historical.py
A,data/benchmark/sources/diabetes/v1/metadata/PMC12886974.1.json,,retain,topic selection and provenance,Source identities/attribution/metadata and authoring/migration records; saved topic runs provide historical comparison or parent provenance,data/manifest.json; tools/corpus/verify_cardiology_selection.py; tools/corpus/verify_oncology_release.py; tools/historical.py
A,data/benchmark/sources/diabetes/v1/metadata/PMC13107781-id-converter.json,,retain,topic selection and provenance,Source identities/attribution/metadata and authoring/migration records; saved topic runs provide historical comparison or parent provenance,data/manifest.json; tools/corpus/verify_cardiology_selection.py; tools/corpus/verify_oncology_release.py; tools/historical.py
A,data/benchmark/sources/diabetes/v1/metadata/PMC13107781-pubmed.xml,,retain,topic selection and provenance,Source identities/attribution/metadata and authoring/migration records; saved topic runs provide historical comparison or parent provenance,data/manifest.json; tools/corpus/verify_cardiology_selection.py; tools/corpus/verify_oncology_release.py; tools/historical.py
A,data/benchmark/sources/diabetes/v1/metadata/PMC13107781.1.json,,retain,topic selection and provenance,Source identities/attribution/metadata and authoring/migration records; saved topic runs provide historical comparison or parent provenance,data/manifest.json; tools/corpus/verify_cardiology_selection.py; tools/corpus/verify_oncology_release.py; tools/historical.py
A,data/benchmark/sources/diabetes/v1/metadata/PMC13175446-id-converter.json,,retain,topic selection and provenance,Source identities/attribution/metadata and authoring/migration records; saved topic runs provide historical comparison or parent provenance,data/manifest.json; tools/corpus/verify_cardiology_selection.py; tools/corpus/verify_oncology_release.py; tools/historical.py
A,data/benchmark/sources/diabetes/v1/metadata/PMC13175446-pubmed.xml,,retain,topic selection and provenance,Source identities/attribution/metadata and authoring/migration records; saved topic runs provide historical comparison or parent provenance,data/manifest.json; tools/corpus/verify_cardiology_selection.py; tools/corpus/verify_oncology_release.py; tools/historical.py
A,data/benchmark/sources/diabetes/v1/metadata/PMC13175446.1.json,,retain,topic selection and provenance,Source identities/attribution/metadata and authoring/migration records; saved topic runs provide historical comparison or parent provenance,data/manifest.json; tools/corpus/verify_cardiology_selection.py; tools/corpus/verify_oncology_release.py; tools/historical.py
A,data/benchmark/sources/diabetes/v1/metadata/PMC13311226-id-converter.json,,retain,topic selection and provenance,Source identities/attribution/metadata and authoring/migration records; saved topic runs provide historical comparison or parent provenance,data/manifest.json; tools/corpus/verify_cardiology_selection.py; tools/corpus/verify_oncology_release.py; tools/historical.py
A,data/benchmark/sources/diabetes/v1/metadata/PMC13311226-pubmed.xml,,retain,topic selection and provenance,Source identities/attribution/metadata and authoring/migration records; saved topic runs provide historical comparison or parent provenance,data/manifest.json; tools/corpus/verify_cardiology_selection.py; tools/corpus/verify_oncology_release.py; tools/historical.py
A,data/benchmark/sources/diabetes/v1/metadata/PMC13311226.1.json,,retain,topic selection and provenance,Source identities/attribution/metadata and authoring/migration records; saved topic runs provide historical comparison or parent provenance,data/manifest.json; tools/corpus/verify_cardiology_selection.py; tools/corpus/verify_oncology_release.py; tools/historical.py
A,data/benchmark/sources/diabetes/v1/metadata/PMC13403371.1.json,,retain,topic selection and provenance,Source identities/attribution/metadata and authoring/migration records; saved topic runs provide historical comparison or parent provenance,data/manifest.json; tools/corpus/verify_cardiology_selection.py; tools/corpus/verify_oncology_release.py; tools/historical.py
A,data/benchmark/sources/diabetes/v1/metadata/PMC13423648-id-converter.json,,retain,topic selection and provenance,Source identities/attribution/metadata and authoring/migration records; saved topic runs provide historical comparison or parent provenance,data/manifest.json; tools/corpus/verify_cardiology_selection.py; tools/corpus/verify_oncology_release.py; tools/historical.py
A,data/benchmark/sources/diabetes/v1/metadata/PMC13423648-pubmed.xml,,retain,topic selection and provenance,Source identities/attribution/metadata and authoring/migration records; saved topic runs provide historical comparison or parent provenance,data/manifest.json; tools/corpus/verify_cardiology_selection.py; tools/corpus/verify_oncology_release.py; tools/historical.py
A,data/benchmark/sources/diabetes/v1/metadata/PMC13423648.1.json,,retain,topic selection and provenance,Source identities/attribution/metadata and authoring/migration records; saved topic runs provide historical comparison or parent provenance,data/manifest.json; tools/corpus/verify_cardiology_selection.py; tools/corpus/verify_oncology_release.py; tools/historical.py
A,data/benchmark/sources/diabetes/v1/metadata/PMC13430954-id-converter.json,,retain,topic selection and provenance,Source identities/attribution/metadata and authoring/migration records; saved topic runs provide historical comparison or parent provenance,data/manifest.json; tools/corpus/verify_cardiology_selection.py; tools/corpus/verify_oncology_release.py; tools/historical.py
A,data/benchmark/sources/diabetes/v1/metadata/PMC13430954-pubmed.xml,,retain,topic selection and provenance,Source identities/attribution/metadata and authoring/migration records; saved topic runs provide historical comparison or parent provenance,data/manifest.json; tools/corpus/verify_cardiology_selection.py; tools/corpus/verify_oncology_release.py; tools/historical.py
A,data/benchmark/sources/diabetes/v1/metadata/PMC13430954.1.json,,retain,topic selection and provenance,Source identities/attribution/metadata and authoring/migration records; saved topic runs provide historical comparison or parent provenance,data/manifest.json; tools/corpus/verify_cardiology_selection.py; tools/corpus/verify_oncology_release.py; tools/historical.py
A,data/benchmark/sources/diabetes/v1/metadata/PMC13433181.1.json,,retain,topic selection and provenance,Source identities/attribution/metadata and authoring/migration records; saved topic runs provide historical comparison or parent provenance,data/manifest.json; tools/corpus/verify_cardiology_selection.py; tools/corpus/verify_oncology_release.py; tools/historical.py
A,data/benchmark/sources/diabetes/v1/metadata/PMC13433218-id-converter.json,,retain,topic selection and provenance,Source identities/attribution/metadata and authoring/migration records; saved topic runs provide historical comparison or parent provenance,data/manifest.json; tools/corpus/verify_cardiology_selection.py; tools/corpus/verify_oncology_release.py; tools/historical.py
A,data/benchmark/sources/diabetes/v1/metadata/PMC13433218-pubmed.xml,,retain,topic selection and provenance,Source identities/attribution/metadata and authoring/migration records; saved topic runs provide historical comparison or parent provenance,data/manifest.json; tools/corpus/verify_cardiology_selection.py; tools/corpus/verify_oncology_release.py; tools/historical.py
A,data/benchmark/sources/diabetes/v1/metadata/PMC13433218.1.json,,retain,topic selection and provenance,Source identities/attribution/metadata and authoring/migration records; saved topic runs provide historical comparison or parent provenance,data/manifest.json; tools/corpus/verify_cardiology_selection.py; tools/corpus/verify_oncology_release.py; tools/historical.py
A,data/benchmark/sources/diabetes/v1/metadata/PMC13433680-id-converter.json,,retain,topic selection and provenance,Source identities/attribution/metadata and authoring/migration records; saved topic runs provide historical comparison or parent provenance,data/manifest.json; tools/corpus/verify_cardiology_selection.py; tools/corpus/verify_oncology_release.py; tools/historical.py
A,data/benchmark/sources/diabetes/v1/metadata/PMC13433680-pubmed.xml,,retain,topic selection and provenance,Source identities/attribution/metadata and authoring/migration records; saved topic runs provide historical comparison or parent provenance,data/manifest.json; tools/corpus/verify_cardiology_selection.py; tools/corpus/verify_oncology_release.py; tools/historical.py
A,data/benchmark/sources/diabetes/v1/metadata/PMC13433680.1.json,,retain,topic selection and provenance,Source identities/attribution/metadata and authoring/migration records; saved topic runs provide historical comparison or parent provenance,data/manifest.json; tools/corpus/verify_cardiology_selection.py; tools/corpus/verify_oncology_release.py; tools/historical.py
A,data/benchmark/sources/diabetes/v1/metadata/PMC13433862.1.json,,retain,topic selection and provenance,Source identities/attribution/metadata and authoring/migration records; saved topic runs provide historical comparison or parent provenance,data/manifest.json; tools/corpus/verify_cardiology_selection.py; tools/corpus/verify_oncology_release.py; tools/historical.py
A,data/benchmark/sources/diabetes/v1/metadata/PMC13439631.1.json,,retain,topic selection and provenance,Source identities/attribution/metadata and authoring/migration records; saved topic runs provide historical comparison or parent provenance,data/manifest.json; tools/corpus/verify_cardiology_selection.py; tools/corpus/verify_oncology_release.py; tools/historical.py
A,data/benchmark/sources/diabetes/v1/metadata/PMC13472562-id-converter.json,,retain,topic selection and provenance,Source identities/attribution/metadata and authoring/migration records; saved topic runs provide historical comparison or parent provenance,data/manifest.json; tools/corpus/verify_cardiology_selection.py; tools/corpus/verify_oncology_release.py; tools/historical.py
A,data/benchmark/sources/diabetes/v1/metadata/PMC13472562-pubmed.xml,,retain,topic selection and provenance,Source identities/attribution/metadata and authoring/migration records; saved topic runs provide historical comparison or parent provenance,data/manifest.json; tools/corpus/verify_cardiology_selection.py; tools/corpus/verify_oncology_release.py; tools/historical.py
A,data/benchmark/sources/diabetes/v1/metadata/PMC13472562.1.json,,retain,topic selection and provenance,Source identities/attribution/metadata and authoring/migration records; saved topic runs provide historical comparison or parent provenance,data/manifest.json; tools/corpus/verify_cardiology_selection.py; tools/corpus/verify_oncology_release.py; tools/historical.py
A,data/benchmark/sources/diabetes/v1/metadata/PMC2993661.1.json,,retain,topic selection and provenance,Source identities/attribution/metadata and authoring/migration records; saved topic runs provide historical comparison or parent provenance,data/manifest.json; tools/corpus/verify_cardiology_selection.py; tools/corpus/verify_oncology_release.py; tools/historical.py
A,data/benchmark/sources/diabetes/v1/metadata/PMC4804513.1.json,,retain,topic selection and provenance,Source identities/attribution/metadata and authoring/migration records; saved topic runs provide historical comparison or parent provenance,data/manifest.json; tools/corpus/verify_cardiology_selection.py; tools/corpus/verify_oncology_release.py; tools/historical.py
A,data/benchmark/sources/diabetes/v1/metadata/PMC8866621.1.json,,retain,topic selection and provenance,Source identities/attribution/metadata and authoring/migration records; saved topic runs provide historical comparison or parent provenance,data/manifest.json; tools/corpus/verify_cardiology_selection.py; tools/corpus/verify_oncology_release.py; tools/historical.py
A,data/benchmark/sources/diabetes/v1/metadata/id-converter.json,,retain,topic selection and provenance,Source identities/attribution/metadata and authoring/migration records; saved topic runs provide historical comparison or parent provenance,data/manifest.json; tools/corpus/verify_cardiology_selection.py; tools/corpus/verify_oncology_release.py; tools/historical.py
A,data/benchmark/sources/diabetes/v1/metadata/pubmed-batch.xml,,retain,topic selection and provenance,Source identities/attribution/metadata and authoring/migration records; saved topic runs provide historical comparison or parent provenance,data/manifest.json; tools/corpus/verify_cardiology_selection.py; tools/corpus/verify_oncology_release.py; tools/historical.py
A,data/benchmark/sources/diabetes/v1/migration.json,,retain,topic selection and provenance,Source identities/attribution/metadata and authoring/migration records; saved topic runs provide historical comparison or parent provenance,data/manifest.json; tools/corpus/verify_cardiology_selection.py; tools/corpus/verify_oncology_release.py; tools/historical.py
A,data/benchmark/sources/diabetes/v1/queries.json,,retain,topic selection and provenance,Source identities/attribution/metadata and authoring/migration records; saved topic runs provide historical comparison or parent provenance,data/manifest.json; tools/corpus/verify_cardiology_selection.py; tools/corpus/verify_oncology_release.py; tools/historical.py
A,data/benchmark/sources/diabetes/v1/review_corrections.json,,retain,topic selection and provenance,Source identities/attribution/metadata and authoring/migration records; saved topic runs provide historical comparison or parent provenance,data/manifest.json; tools/corpus/verify_cardiology_selection.py; tools/corpus/verify_oncology_release.py; tools/historical.py
A,data/benchmark/sources/diabetes/v1/runs/artifacts.json,,retain,topic selection and provenance,Source identities/attribution/metadata and authoring/migration records; saved topic runs provide historical comparison or parent provenance,data/manifest.json; tools/corpus/verify_cardiology_selection.py; tools/corpus/verify_oncology_release.py; tools/historical.py
A,data/benchmark/sources/diabetes/v1/runs/cardio-C1-ingestion.json,,retain,topic selection and provenance,Source identities/attribution/metadata and authoring/migration records; saved topic runs provide historical comparison or parent provenance,data/manifest.json; tools/corpus/verify_cardiology_selection.py; tools/corpus/verify_oncology_release.py; tools/historical.py
A,data/benchmark/sources/diabetes/v1/runs/cardio-C1-vector.json,,retain,topic selection and provenance,Source identities/attribution/metadata and authoring/migration records; saved topic runs provide historical comparison or parent provenance,data/manifest.json; tools/corpus/verify_cardiology_selection.py; tools/corpus/verify_oncology_release.py; tools/historical.py
A,data/benchmark/sources/diabetes/v1/runs/cardio-C2-vector.json,,retain,topic selection and provenance,Source identities/attribution/metadata and authoring/migration records; saved topic runs provide historical comparison or parent provenance,data/manifest.json; tools/corpus/verify_cardiology_selection.py; tools/corpus/verify_oncology_release.py; tools/historical.py
A,data/benchmark/sources/diabetes/v1/runs/cardio-comparison.txt,,retain,topic selection and provenance,Source identities/attribution/metadata and authoring/migration records; saved topic runs provide historical comparison or parent provenance,data/manifest.json; tools/corpus/verify_cardiology_selection.py; tools/corpus/verify_oncology_release.py; tools/historical.py
A,data/benchmark/sources/diabetes/v1/runs/combined-C3-ingestion.json,,retain,topic selection and provenance,Source identities/attribution/metadata and authoring/migration records; saved topic runs provide historical comparison or parent provenance,data/manifest.json; tools/corpus/verify_cardiology_selection.py; tools/corpus/verify_oncology_release.py; tools/historical.py
A,data/benchmark/sources/diabetes/v1/runs/diabetes-C2-ingestion.json,,retain,topic selection and provenance,Source identities/attribution/metadata and authoring/migration records; saved topic runs provide historical comparison or parent provenance,data/manifest.json; tools/corpus/verify_cardiology_selection.py; tools/corpus/verify_oncology_release.py; tools/historical.py
A,data/benchmark/sources/diabetes/v1/runs/diabetes-C2-reviewed.json,,retain,topic selection and provenance,Source identities/attribution/metadata and authoring/migration records; saved topic runs provide historical comparison or parent provenance,data/manifest.json; tools/corpus/verify_cardiology_selection.py; tools/corpus/verify_oncology_release.py; tools/historical.py
A,data/benchmark/sources/diabetes/v1/runs/diabetes-C2-vector.json,,retain,topic selection and provenance,Source identities/attribution/metadata and authoring/migration records; saved topic runs provide historical comparison or parent provenance,data/manifest.json; tools/corpus/verify_cardiology_selection.py; tools/corpus/verify_oncology_release.py; tools/historical.py
A,data/benchmark/sources/diabetes/v1/runs/diabetes-C3-reviewed.json,,retain,topic selection and provenance,Source identities/attribution/metadata and authoring/migration records; saved topic runs provide historical comparison or parent provenance,data/manifest.json; tools/corpus/verify_cardiology_selection.py; tools/corpus/verify_oncology_release.py; tools/historical.py
A,data/benchmark/sources/diabetes/v1/runs/diabetes-C3-vector.json,,retain,topic selection and provenance,Source identities/attribution/metadata and authoring/migration records; saved topic runs provide historical comparison or parent provenance,data/manifest.json; tools/corpus/verify_cardiology_selection.py; tools/corpus/verify_oncology_release.py; tools/historical.py
A,data/benchmark/sources/diabetes/v1/runs/diabetes-comparison.txt,,retain,topic selection and provenance,Source identities/attribution/metadata and authoring/migration records; saved topic runs provide historical comparison or parent provenance,data/manifest.json; tools/corpus/verify_cardiology_selection.py; tools/corpus/verify_oncology_release.py; tools/historical.py
A,data/benchmark/sources/diabetes/v1/runs/evaluated-release/README.md,,retain,topic selection and provenance,Source identities/attribution/metadata and authoring/migration records; saved topic runs provide historical comparison or parent provenance,data/manifest.json; tools/corpus/verify_cardiology_selection.py; tools/corpus/verify_oncology_release.py; tools/historical.py
A,data/benchmark/sources/diabetes/v1/runs/evaluated-release/cardio-regression/conditions.json,,retain,topic selection and provenance,Source identities/attribution/metadata and authoring/migration records; saved topic runs provide historical comparison or parent provenance,data/manifest.json; tools/corpus/verify_cardiology_selection.py; tools/corpus/verify_oncology_release.py; tools/historical.py
A,data/benchmark/sources/diabetes/v1/runs/evaluated-release/cardio-regression/manifest.json,,retain,topic selection and provenance,Source identities/attribution/metadata and authoring/migration records; saved topic runs provide historical comparison or parent provenance,data/manifest.json; tools/corpus/verify_cardiology_selection.py; tools/corpus/verify_oncology_release.py; tools/historical.py
A,data/benchmark/sources/diabetes/v1/runs/evaluated-release/cardio-regression/queries.json,,retain,topic selection and provenance,Source identities/attribution/metadata and authoring/migration records; saved topic runs provide historical comparison or parent provenance,data/manifest.json; tools/corpus/verify_cardiology_selection.py; tools/corpus/verify_oncology_release.py; tools/historical.py
A,data/benchmark/sources/diabetes/v1/runs/evaluated-release/conditions.json,,retain,topic selection and provenance,Source identities/attribution/metadata and authoring/migration records; saved topic runs provide historical comparison or parent provenance,data/manifest.json; tools/corpus/verify_cardiology_selection.py; tools/corpus/verify_oncology_release.py; tools/historical.py
A,data/benchmark/sources/diabetes/v1/runs/evaluated-release/manifest.json,,retain,topic selection and provenance,Source identities/attribution/metadata and authoring/migration records; saved topic runs provide historical comparison or parent provenance,data/manifest.json; tools/corpus/verify_cardiology_selection.py; tools/corpus/verify_oncology_release.py; tools/historical.py
A,data/benchmark/sources/diabetes/v1/runs/evaluated-release/queries.json,,retain,topic selection and provenance,Source identities/attribution/metadata and authoring/migration records; saved topic runs provide historical comparison or parent provenance,data/manifest.json; tools/corpus/verify_cardiology_selection.py; tools/corpus/verify_oncology_release.py; tools/historical.py
A,data/benchmark/sources/diabetes/v1/runs/focused_context_review.json,,retain,topic selection and provenance,Source identities/attribution/metadata and authoring/migration records; saved topic runs provide historical comparison or parent provenance,data/manifest.json; tools/corpus/verify_cardiology_selection.py; tools/corpus/verify_oncology_release.py; tools/historical.py
A,data/benchmark/sources/diabetes/v1/runs/initial-authoring/case_dependencies.json,,retain,topic selection and provenance,Source identities/attribution/metadata and authoring/migration records; saved topic runs provide historical comparison or parent provenance,data/manifest.json; tools/corpus/verify_cardiology_selection.py; tools/corpus/verify_oncology_release.py; tools/historical.py
A,data/benchmark/sources/diabetes/v1/runs/initial-authoring/case_review.json,,retain,topic selection and provenance,Source identities/attribution/metadata and authoring/migration records; saved topic runs provide historical comparison or parent provenance,data/manifest.json; tools/corpus/verify_cardiology_selection.py; tools/corpus/verify_oncology_release.py; tools/historical.py
A,data/benchmark/sources/diabetes/v1/runs/initial-authoring/conditions.json,,retain,topic selection and provenance,Source identities/attribution/metadata and authoring/migration records; saved topic runs provide historical comparison or parent provenance,data/manifest.json; tools/corpus/verify_cardiology_selection.py; tools/corpus/verify_oncology_release.py; tools/historical.py
A,data/benchmark/sources/diabetes/v1/runs/initial-authoring/queries.json,,retain,topic selection and provenance,Source identities/attribution/metadata and authoring/migration records; saved topic runs provide historical comparison or parent provenance,data/manifest.json; tools/corpus/verify_cardiology_selection.py; tools/corpus/verify_oncology_release.py; tools/historical.py
A,data/benchmark/sources/diabetes/v1/runs/interference_changes.json,,retain,topic selection and provenance,Source identities/attribution/metadata and authoring/migration records; saved topic runs provide historical comparison or parent provenance,data/manifest.json; tools/corpus/verify_cardiology_selection.py; tools/corpus/verify_oncology_release.py; tools/historical.py
A,data/benchmark/sources/diabetes/v1/runs/retrieval_list_changes.json,,retain,topic selection and provenance,Source identities/attribution/metadata and authoring/migration records; saved topic runs provide historical comparison or parent provenance,data/manifest.json; tools/corpus/verify_cardiology_selection.py; tools/corpus/verify_oncology_release.py; tools/historical.py
A,data/benchmark/sources/diabetes/v1/runs/review-corrections-verification.json,,retain,topic selection and provenance,Source identities/attribution/metadata and authoring/migration records; saved topic runs provide historical comparison or parent provenance,data/manifest.json; tools/corpus/verify_cardiology_selection.py; tools/corpus/verify_oncology_release.py; tools/historical.py
A,data/benchmark/sources/diabetes/v1/runs/verification.json,,retain,topic selection and provenance,Source identities/attribution/metadata and authoring/migration records; saved topic runs provide historical comparison or parent provenance,data/manifest.json; tools/corpus/verify_cardiology_selection.py; tools/corpus/verify_oncology_release.py; tools/historical.py
A,data/benchmark/sources/diabetes/v1/topic_groups.json,,retain,topic selection and provenance,Source identities/attribution/metadata and authoring/migration records; saved topic runs provide historical comparison or parent provenance,data/manifest.json; tools/corpus/verify_cardiology_selection.py; tools/corpus/verify_oncology_release.py; tools/historical.py
A,data/benchmark/sources/oncology/v1/ATTRIBUTION.md,,retain,topic selection and provenance,Source identities/attribution/metadata and authoring/migration records; saved topic runs provide historical comparison or parent provenance,data/manifest.json; tools/corpus/verify_cardiology_selection.py; tools/corpus/verify_oncology_release.py; tools/historical.py
A,data/benchmark/sources/oncology/v1/DECISIONS.md,,retain,topic selection and provenance,Source identities/attribution/metadata and authoring/migration records; saved topic runs provide historical comparison or parent provenance,data/manifest.json; tools/corpus/verify_cardiology_selection.py; tools/corpus/verify_oncology_release.py; tools/historical.py
A,data/benchmark/sources/oncology/v1/EVALUATION.md,,retain,topic selection and provenance,Source identities/attribution/metadata and authoring/migration records; saved topic runs provide historical comparison or parent provenance,data/manifest.json; tools/corpus/verify_cardiology_selection.py; tools/corpus/verify_oncology_release.py; tools/historical.py
A,data/benchmark/sources/oncology/v1/README.md,,retain,topic selection and provenance,Source identities/attribution/metadata and authoring/migration records; saved topic runs provide historical comparison or parent provenance,data/manifest.json; tools/corpus/verify_cardiology_selection.py; tools/corpus/verify_oncology_release.py; tools/historical.py
A,data/benchmark/sources/oncology/v1/REPORT.md,,retain,topic selection and provenance,Source identities/attribution/metadata and authoring/migration records; saved topic runs provide historical comparison or parent provenance,data/manifest.json; tools/corpus/verify_cardiology_selection.py; tools/corpus/verify_oncology_release.py; tools/historical.py
A,data/benchmark/sources/oncology/v1/REVIEW.md,,retain,topic selection and provenance,Source identities/attribution/metadata and authoring/migration records; saved topic runs provide historical comparison or parent provenance,data/manifest.json; tools/corpus/verify_cardiology_selection.py; tools/corpus/verify_oncology_release.py; tools/historical.py
A,data/benchmark/sources/oncology/v1/candidate_log.json,,retain,topic selection and provenance,Source identities/attribution/metadata and authoring/migration records; saved topic runs provide historical comparison or parent provenance,data/manifest.json; tools/corpus/verify_cardiology_selection.py; tools/corpus/verify_oncology_release.py; tools/historical.py
A,data/benchmark/sources/oncology/v1/case_dependencies.json,,retain,topic selection and provenance,Source identities/attribution/metadata and authoring/migration records; saved topic runs provide historical comparison or parent provenance,data/manifest.json; tools/corpus/verify_cardiology_selection.py; tools/corpus/verify_oncology_release.py; tools/historical.py
A,data/benchmark/sources/oncology/v1/case_review.json,,retain,topic selection and provenance,Source identities/attribution/metadata and authoring/migration records; saved topic runs provide historical comparison or parent provenance,data/manifest.json; tools/corpus/verify_cardiology_selection.py; tools/corpus/verify_oncology_release.py; tools/historical.py
A,data/benchmark/sources/oncology/v1/conditions.json,,retain,topic selection and provenance,Source identities/attribution/metadata and authoring/migration records; saved topic runs provide historical comparison or parent provenance,data/manifest.json; tools/corpus/verify_cardiology_selection.py; tools/corpus/verify_oncology_release.py; tools/historical.py
A,data/benchmark/sources/oncology/v1/evidence_map.json,,retain,topic selection and provenance,Source identities/attribution/metadata and authoring/migration records; saved topic runs provide historical comparison or parent provenance,data/manifest.json; tools/corpus/verify_cardiology_selection.py; tools/corpus/verify_oncology_release.py; tools/historical.py
A,data/benchmark/sources/oncology/v1/legacy_audit.json,,retain,topic selection and provenance,Source identities/attribution/metadata and authoring/migration records; saved topic runs provide historical comparison or parent provenance,data/manifest.json; tools/corpus/verify_cardiology_selection.py; tools/corpus/verify_oncology_release.py; tools/historical.py
A,data/benchmark/sources/oncology/v1/manifest.json,,retain,topic selection and provenance,Source identities/attribution/metadata and authoring/migration records; saved topic runs provide historical comparison or parent provenance,data/manifest.json; tools/corpus/verify_cardiology_selection.py; tools/corpus/verify_oncology_release.py; tools/historical.py
A,data/benchmark/sources/oncology/v1/metadata/.gitattributes,,retain,topic selection and provenance,Source identities/attribution/metadata and authoring/migration records; saved topic runs provide historical comparison or parent provenance,data/manifest.json; tools/corpus/verify_cardiology_selection.py; tools/corpus/verify_oncology_release.py; tools/historical.py
A,data/benchmark/sources/oncology/v1/metadata/PMC10073666.1.cloud.json,,retain,topic selection and provenance,Source identities/attribution/metadata and authoring/migration records; saved topic runs provide historical comparison or parent provenance,data/manifest.json; tools/corpus/verify_cardiology_selection.py; tools/corpus/verify_oncology_release.py; tools/historical.py
A,data/benchmark/sources/oncology/v1/metadata/PMC10073666.1.id-converter.json,,retain,topic selection and provenance,Source identities/attribution/metadata and authoring/migration records; saved topic runs provide historical comparison or parent provenance,data/manifest.json; tools/corpus/verify_cardiology_selection.py; tools/corpus/verify_oncology_release.py; tools/historical.py
A,data/benchmark/sources/oncology/v1/metadata/PMC10073666.1.pubmed.xml,,retain,topic selection and provenance,Source identities/attribution/metadata and authoring/migration records; saved topic runs provide historical comparison or parent provenance,data/manifest.json; tools/corpus/verify_cardiology_selection.py; tools/corpus/verify_oncology_release.py; tools/historical.py
A,data/benchmark/sources/oncology/v1/metadata/PMC10485396.1.cloud.json,,retain,topic selection and provenance,Source identities/attribution/metadata and authoring/migration records; saved topic runs provide historical comparison or parent provenance,data/manifest.json; tools/corpus/verify_cardiology_selection.py; tools/corpus/verify_oncology_release.py; tools/historical.py
A,data/benchmark/sources/oncology/v1/metadata/PMC10485396.1.id-converter.json,,retain,topic selection and provenance,Source identities/attribution/metadata and authoring/migration records; saved topic runs provide historical comparison or parent provenance,data/manifest.json; tools/corpus/verify_cardiology_selection.py; tools/corpus/verify_oncology_release.py; tools/historical.py
A,data/benchmark/sources/oncology/v1/metadata/PMC10485396.1.pubmed.xml,,retain,topic selection and provenance,Source identities/attribution/metadata and authoring/migration records; saved topic runs provide historical comparison or parent provenance,data/manifest.json; tools/corpus/verify_cardiology_selection.py; tools/corpus/verify_oncology_release.py; tools/historical.py
A,data/benchmark/sources/oncology/v1/metadata/PMC10770829.1.cloud.json,,retain,topic selection and provenance,Source identities/attribution/metadata and authoring/migration records; saved topic runs provide historical comparison or parent provenance,data/manifest.json; tools/corpus/verify_cardiology_selection.py; tools/corpus/verify_oncology_release.py; tools/historical.py
A,data/benchmark/sources/oncology/v1/metadata/PMC10770829.1.id-converter.json,,retain,topic selection and provenance,Source identities/attribution/metadata and authoring/migration records; saved topic runs provide historical comparison or parent provenance,data/manifest.json; tools/corpus/verify_cardiology_selection.py; tools/corpus/verify_oncology_release.py; tools/historical.py
A,data/benchmark/sources/oncology/v1/metadata/PMC10770829.1.pubmed.xml,,retain,topic selection and provenance,Source identities/attribution/metadata and authoring/migration records; saved topic runs provide historical comparison or parent provenance,data/manifest.json; tools/corpus/verify_cardiology_selection.py; tools/corpus/verify_oncology_release.py; tools/historical.py
A,data/benchmark/sources/oncology/v1/metadata/PMC10840225.1.cloud.json,,retain,topic selection and provenance,Source identities/attribution/metadata and authoring/migration records; saved topic runs provide historical comparison or parent provenance,data/manifest.json; tools/corpus/verify_cardiology_selection.py; tools/corpus/verify_oncology_release.py; tools/historical.py
A,data/benchmark/sources/oncology/v1/metadata/PMC10840225.1.id-converter.json,,retain,topic selection and provenance,Source identities/attribution/metadata and authoring/migration records; saved topic runs provide historical comparison or parent provenance,data/manifest.json; tools/corpus/verify_cardiology_selection.py; tools/corpus/verify_oncology_release.py; tools/historical.py
A,data/benchmark/sources/oncology/v1/metadata/PMC10840225.1.pubmed.xml,,retain,topic selection and provenance,Source identities/attribution/metadata and authoring/migration records; saved topic runs provide historical comparison or parent provenance,data/manifest.json; tools/corpus/verify_cardiology_selection.py; tools/corpus/verify_oncology_release.py; tools/historical.py
A,data/benchmark/sources/oncology/v1/metadata/PMC11181582.1.cloud.json,,retain,topic selection and provenance,Source identities/attribution/metadata and authoring/migration records; saved topic runs provide historical comparison or parent provenance,data/manifest.json; tools/corpus/verify_cardiology_selection.py; tools/corpus/verify_oncology_release.py; tools/historical.py
A,data/benchmark/sources/oncology/v1/metadata/PMC11181582.1.id-converter.json,,retain,topic selection and provenance,Source identities/attribution/metadata and authoring/migration records; saved topic runs provide historical comparison or parent provenance,data/manifest.json; tools/corpus/verify_cardiology_selection.py; tools/corpus/verify_oncology_release.py; tools/historical.py
A,data/benchmark/sources/oncology/v1/metadata/PMC11181582.1.pubmed.xml,,retain,topic selection and provenance,Source identities/attribution/metadata and authoring/migration records; saved topic runs provide historical comparison or parent provenance,data/manifest.json; tools/corpus/verify_cardiology_selection.py; tools/corpus/verify_oncology_release.py; tools/historical.py
A,data/benchmark/sources/oncology/v1/metadata/PMC11431721.1.cloud.json,,retain,topic selection and provenance,Source identities/attribution/metadata and authoring/migration records; saved topic runs provide historical comparison or parent provenance,data/manifest.json; tools/corpus/verify_cardiology_selection.py; tools/corpus/verify_oncology_release.py; tools/historical.py
A,data/benchmark/sources/oncology/v1/metadata/PMC11431721.1.id-converter.json,,retain,topic selection and provenance,Source identities/attribution/metadata and authoring/migration records; saved topic runs provide historical comparison or parent provenance,data/manifest.json; tools/corpus/verify_cardiology_selection.py; tools/corpus/verify_oncology_release.py; tools/historical.py
A,data/benchmark/sources/oncology/v1/metadata/PMC11431721.1.pubmed.xml,,retain,topic selection and provenance,Source identities/attribution/metadata and authoring/migration records; saved topic runs provide historical comparison or parent provenance,data/manifest.json; tools/corpus/verify_cardiology_selection.py; tools/corpus/verify_oncology_release.py; tools/historical.py
A,data/benchmark/sources/oncology/v1/metadata/PMC11547071.1.cloud.json,,retain,topic selection and provenance,Source identities/attribution/metadata and authoring/migration records; saved topic runs provide historical comparison or parent provenance,data/manifest.json; tools/corpus/verify_cardiology_selection.py; tools/corpus/verify_oncology_release.py; tools/historical.py
A,data/benchmark/sources/oncology/v1/metadata/PMC11547071.1.id-converter.json,,retain,topic selection and provenance,Source identities/attribution/metadata and authoring/migration records; saved topic runs provide historical comparison or parent provenance,data/manifest.json; tools/corpus/verify_cardiology_selection.py; tools/corpus/verify_oncology_release.py; tools/historical.py
A,data/benchmark/sources/oncology/v1/metadata/PMC11547071.1.pubmed.xml,,retain,topic selection and provenance,Source identities/attribution/metadata and authoring/migration records; saved topic runs provide historical comparison or parent provenance,data/manifest.json; tools/corpus/verify_cardiology_selection.py; tools/corpus/verify_oncology_release.py; tools/historical.py
A,data/benchmark/sources/oncology/v1/metadata/PMC11891047.1.cloud.json,,retain,topic selection and provenance,Source identities/attribution/metadata and authoring/migration records; saved topic runs provide historical comparison or parent provenance,data/manifest.json; tools/corpus/verify_cardiology_selection.py; tools/corpus/verify_oncology_release.py; tools/historical.py
A,data/benchmark/sources/oncology/v1/metadata/PMC11891047.1.id-converter.json,,retain,topic selection and provenance,Source identities/attribution/metadata and authoring/migration records; saved topic runs provide historical comparison or parent provenance,data/manifest.json; tools/corpus/verify_cardiology_selection.py; tools/corpus/verify_oncology_release.py; tools/historical.py
A,data/benchmark/sources/oncology/v1/metadata/PMC11891047.1.pubmed.xml,,retain,topic selection and provenance,Source identities/attribution/metadata and authoring/migration records; saved topic runs provide historical comparison or parent provenance,data/manifest.json; tools/corpus/verify_cardiology_selection.py; tools/corpus/verify_oncology_release.py; tools/historical.py
A,data/benchmark/sources/oncology/v1/metadata/PMC12495207.1.cloud.json,,retain,topic selection and provenance,Source identities/attribution/metadata and authoring/migration records; saved topic runs provide historical comparison or parent provenance,data/manifest.json; tools/corpus/verify_cardiology_selection.py; tools/corpus/verify_oncology_release.py; tools/historical.py
A,data/benchmark/sources/oncology/v1/metadata/PMC12495207.1.id-converter.json,,retain,topic selection and provenance,Source identities/attribution/metadata and authoring/migration records; saved topic runs provide historical comparison or parent provenance,data/manifest.json; tools/corpus/verify_cardiology_selection.py; tools/corpus/verify_oncology_release.py; tools/historical.py
A,data/benchmark/sources/oncology/v1/metadata/PMC12495207.1.pubmed.xml,,retain,topic selection and provenance,Source identities/attribution/metadata and authoring/migration records; saved topic runs provide historical comparison or parent provenance,data/manifest.json; tools/corpus/verify_cardiology_selection.py; tools/corpus/verify_oncology_release.py; tools/historical.py
A,data/benchmark/sources/oncology/v1/metadata/PMC12931073.1.cloud.json,,retain,topic selection and provenance,Source identities/attribution/metadata and authoring/migration records; saved topic runs provide historical comparison or parent provenance,data/manifest.json; tools/corpus/verify_cardiology_selection.py; tools/corpus/verify_oncology_release.py; tools/historical.py
A,data/benchmark/sources/oncology/v1/metadata/PMC12931073.1.id-converter.json,,retain,topic selection and provenance,Source identities/attribution/metadata and authoring/migration records; saved topic runs provide historical comparison or parent provenance,data/manifest.json; tools/corpus/verify_cardiology_selection.py; tools/corpus/verify_oncology_release.py; tools/historical.py
A,data/benchmark/sources/oncology/v1/metadata/PMC12931073.1.pubmed.xml,,retain,topic selection and provenance,Source identities/attribution/metadata and authoring/migration records; saved topic runs provide historical comparison or parent provenance,data/manifest.json; tools/corpus/verify_cardiology_selection.py; tools/corpus/verify_oncology_release.py; tools/historical.py
A,data/benchmark/sources/oncology/v1/metadata/PMC13190586.1.cloud.json,,retain,topic selection and provenance,Source identities/attribution/metadata and authoring/migration records; saved topic runs provide historical comparison or parent provenance,data/manifest.json; tools/corpus/verify_cardiology_selection.py; tools/corpus/verify_oncology_release.py; tools/historical.py
A,data/benchmark/sources/oncology/v1/metadata/PMC13190586.1.id-converter.json,,retain,topic selection and provenance,Source identities/attribution/metadata and authoring/migration records; saved topic runs provide historical comparison or parent provenance,data/manifest.json; tools/corpus/verify_cardiology_selection.py; tools/corpus/verify_oncology_release.py; tools/historical.py
A,data/benchmark/sources/oncology/v1/metadata/PMC13190586.1.pubmed.xml,,retain,topic selection and provenance,Source identities/attribution/metadata and authoring/migration records; saved topic runs provide historical comparison or parent provenance,data/manifest.json; tools/corpus/verify_cardiology_selection.py; tools/corpus/verify_oncology_release.py; tools/historical.py
A,data/benchmark/sources/oncology/v1/metadata/PMC13429855.1.cloud.json,,retain,topic selection and provenance,Source identities/attribution/metadata and authoring/migration records; saved topic runs provide historical comparison or parent provenance,data/manifest.json; tools/corpus/verify_cardiology_selection.py; tools/corpus/verify_oncology_release.py; tools/historical.py
A,data/benchmark/sources/oncology/v1/metadata/PMC13429855.1.id-converter.json,,retain,topic selection and provenance,Source identities/attribution/metadata and authoring/migration records; saved topic runs provide historical comparison or parent provenance,data/manifest.json; tools/corpus/verify_cardiology_selection.py; tools/corpus/verify_oncology_release.py; tools/historical.py
A,data/benchmark/sources/oncology/v1/metadata/PMC13429855.1.pubmed.xml,,retain,topic selection and provenance,Source identities/attribution/metadata and authoring/migration records; saved topic runs provide historical comparison or parent provenance,data/manifest.json; tools/corpus/verify_cardiology_selection.py; tools/corpus/verify_oncology_release.py; tools/historical.py
A,data/benchmark/sources/oncology/v1/metadata/PMC9239676.1.cloud.json,,retain,topic selection and provenance,Source identities/attribution/metadata and authoring/migration records; saved topic runs provide historical comparison or parent provenance,data/manifest.json; tools/corpus/verify_cardiology_selection.py; tools/corpus/verify_oncology_release.py; tools/historical.py
A,data/benchmark/sources/oncology/v1/metadata/PMC9239676.1.id-converter.json,,retain,topic selection and provenance,Source identities/attribution/metadata and authoring/migration records; saved topic runs provide historical comparison or parent provenance,data/manifest.json; tools/corpus/verify_cardiology_selection.py; tools/corpus/verify_oncology_release.py; tools/historical.py
A,data/benchmark/sources/oncology/v1/metadata/PMC9239676.1.pubmed.xml,,retain,topic selection and provenance,Source identities/attribution/metadata and authoring/migration records; saved topic runs provide historical comparison or parent provenance,data/manifest.json; tools/corpus/verify_cardiology_selection.py; tools/corpus/verify_oncology_release.py; tools/historical.py
A,data/benchmark/sources/oncology/v1/metadata/PMC9844597.1.cloud.json,,retain,topic selection and provenance,Source identities/attribution/metadata and authoring/migration records; saved topic runs provide historical comparison or parent provenance,data/manifest.json; tools/corpus/verify_cardiology_selection.py; tools/corpus/verify_oncology_release.py; tools/historical.py
A,data/benchmark/sources/oncology/v1/metadata/PMC9844597.1.id-converter.json,,retain,topic selection and provenance,Source identities/attribution/metadata and authoring/migration records; saved topic runs provide historical comparison or parent provenance,data/manifest.json; tools/corpus/verify_cardiology_selection.py; tools/corpus/verify_oncology_release.py; tools/historical.py
A,data/benchmark/sources/oncology/v1/metadata/PMC9844597.1.pubmed.xml,,retain,topic selection and provenance,Source identities/attribution/metadata and authoring/migration records; saved topic runs provide historical comparison or parent provenance,data/manifest.json; tools/corpus/verify_cardiology_selection.py; tools/corpus/verify_oncology_release.py; tools/historical.py
A,data/benchmark/sources/oncology/v1/queries.json,,retain,topic selection and provenance,Source identities/attribution/metadata and authoring/migration records; saved topic runs provide historical comparison or parent provenance,data/manifest.json; tools/corpus/verify_cardiology_selection.py; tools/corpus/verify_oncology_release.py; tools/historical.py
A,data/benchmark/sources/oncology/v1/results/offline-C1.json,,retain,topic selection and provenance,Source identities/attribution/metadata and authoring/migration records; saved topic runs provide historical comparison or parent provenance,data/manifest.json; tools/corpus/verify_cardiology_selection.py; tools/corpus/verify_oncology_release.py; tools/historical.py
A,data/benchmark/sources/oncology/v1/results/offline-C2.json,,retain,topic selection and provenance,Source identities/attribution/metadata and authoring/migration records; saved topic runs provide historical comparison or parent provenance,data/manifest.json; tools/corpus/verify_cardiology_selection.py; tools/corpus/verify_oncology_release.py; tools/historical.py
A,data/benchmark/sources/oncology/v1/revision_ledger.json,,retain,topic selection and provenance,Source identities/attribution/metadata and authoring/migration records; saved topic runs provide historical comparison or parent provenance,data/manifest.json; tools/corpus/verify_cardiology_selection.py; tools/corpus/verify_oncology_release.py; tools/historical.py
A,data/benchmark/sources/oncology/v1/runs/C1-C2-comparison.txt,,retain,topic selection and provenance,Source identities/attribution/metadata and authoring/migration records; saved topic runs provide historical comparison or parent provenance,data/manifest.json; tools/corpus/verify_cardiology_selection.py; tools/corpus/verify_oncology_release.py; tools/historical.py
A,data/benchmark/sources/oncology/v1/runs/C1-complete.json,,retain,topic selection and provenance,Source identities/attribution/metadata and authoring/migration records; saved topic runs provide historical comparison or parent provenance,data/manifest.json; tools/corpus/verify_cardiology_selection.py; tools/corpus/verify_oncology_release.py; tools/historical.py
A,data/benchmark/sources/oncology/v1/runs/C1-focused.json,,retain,topic selection and provenance,Source identities/attribution/metadata and authoring/migration records; saved topic runs provide historical comparison or parent provenance,data/manifest.json; tools/corpus/verify_cardiology_selection.py; tools/corpus/verify_oncology_release.py; tools/historical.py
A,data/benchmark/sources/oncology/v1/runs/C1-ingestion.json,,retain,topic selection and provenance,Source identities/attribution/metadata and authoring/migration records; saved topic runs provide historical comparison or parent provenance,data/manifest.json; tools/corpus/verify_cardiology_selection.py; tools/corpus/verify_oncology_release.py; tools/historical.py
A,data/benchmark/sources/oncology/v1/runs/C1-remaining.json,,retain,topic selection and provenance,Source identities/attribution/metadata and authoring/migration records; saved topic runs provide historical comparison or parent provenance,data/manifest.json; tools/corpus/verify_cardiology_selection.py; tools/corpus/verify_oncology_release.py; tools/historical.py
A,data/benchmark/sources/oncology/v1/runs/C2-complete.json,,retain,topic selection and provenance,Source identities/attribution/metadata and authoring/migration records; saved topic runs provide historical comparison or parent provenance,data/manifest.json; tools/corpus/verify_cardiology_selection.py; tools/corpus/verify_oncology_release.py; tools/historical.py
A,data/benchmark/sources/oncology/v1/runs/C2-focused.json,,retain,topic selection and provenance,Source identities/attribution/metadata and authoring/migration records; saved topic runs provide historical comparison or parent provenance,data/manifest.json; tools/corpus/verify_cardiology_selection.py; tools/corpus/verify_oncology_release.py; tools/historical.py
A,data/benchmark/sources/oncology/v1/runs/C2-ingestion.json,,retain,topic selection and provenance,Source identities/attribution/metadata and authoring/migration records; saved topic runs provide historical comparison or parent provenance,data/manifest.json; tools/corpus/verify_cardiology_selection.py; tools/corpus/verify_oncology_release.py; tools/historical.py
A,data/benchmark/sources/oncology/v1/runs/C2-remaining.json,,retain,topic selection and provenance,Source identities/attribution/metadata and authoring/migration records; saved topic runs provide historical comparison or parent provenance,data/manifest.json; tools/corpus/verify_cardiology_selection.py; tools/corpus/verify_oncology_release.py; tools/historical.py
A,data/benchmark/sources/oncology/v1/runs/artifact_hashes.json,,retain,topic selection and provenance,Source identities/attribution/metadata and authoring/migration records; saved topic runs provide historical comparison or parent provenance,data/manifest.json; tools/corpus/verify_cardiology_selection.py; tools/corpus/verify_oncology_release.py; tools/historical.py
A,data/benchmark/sources/oncology/v1/runs/freeze.json,,retain,topic selection and provenance,Source identities/attribution/metadata and authoring/migration records; saved topic runs provide historical comparison or parent provenance,data/manifest.json; tools/corpus/verify_cardiology_selection.py; tools/corpus/verify_oncology_release.py; tools/historical.py
A,data/benchmark/sources/oncology/v1/runs/saved_context_review.json,,retain,topic selection and provenance,Source identities/attribution/metadata and authoring/migration records; saved topic runs provide historical comparison or parent provenance,data/manifest.json; tools/corpus/verify_cardiology_selection.py; tools/corpus/verify_oncology_release.py; tools/historical.py
A,data/benchmark/sources/oncology/v1/runs/topic-regression/README.md,,retain,topic selection and provenance,Source identities/attribution/metadata and authoring/migration records; saved topic runs provide historical comparison or parent provenance,data/manifest.json; tools/corpus/verify_cardiology_selection.py; tools/corpus/verify_oncology_release.py; tools/historical.py
A,data/benchmark/sources/oncology/v1/runs/topic-regression/baseline-ingestion.json,,retain,topic selection and provenance,Source identities/attribution/metadata and authoring/migration records; saved topic runs provide historical comparison or parent provenance,data/manifest.json; tools/corpus/verify_cardiology_selection.py; tools/corpus/verify_oncology_release.py; tools/historical.py
A,data/benchmark/sources/oncology/v1/runs/topic-regression/cardio-baseline.json,,retain,topic selection and provenance,Source identities/attribution/metadata and authoring/migration records; saved topic runs provide historical comparison or parent provenance,data/manifest.json; tools/corpus/verify_cardiology_selection.py; tools/corpus/verify_oncology_release.py; tools/historical.py
A,data/benchmark/sources/oncology/v1/runs/topic-regression/cardio-comparison.txt,,retain,topic selection and provenance,Source identities/attribution/metadata and authoring/migration records; saved topic runs provide historical comparison or parent provenance,data/manifest.json; tools/corpus/verify_cardiology_selection.py; tools/corpus/verify_oncology_release.py; tools/historical.py
A,data/benchmark/sources/oncology/v1/runs/topic-regression/cardio-controls-baseline.json,,retain,topic selection and provenance,Source identities/attribution/metadata and authoring/migration records; saved topic runs provide historical comparison or parent provenance,data/manifest.json; tools/corpus/verify_cardiology_selection.py; tools/corpus/verify_oncology_release.py; tools/historical.py
A,data/benchmark/sources/oncology/v1/runs/topic-regression/cardio-controls-comparison.txt,,retain,topic selection and provenance,Source identities/attribution/metadata and authoring/migration records; saved topic runs provide historical comparison or parent provenance,data/manifest.json; tools/corpus/verify_cardiology_selection.py; tools/corpus/verify_oncology_release.py; tools/historical.py
A,data/benchmark/sources/oncology/v1/runs/topic-regression/cardio-controls-expanded.json,,retain,topic selection and provenance,Source identities/attribution/metadata and authoring/migration records; saved topic runs provide historical comparison or parent provenance,data/manifest.json; tools/corpus/verify_cardiology_selection.py; tools/corpus/verify_oncology_release.py; tools/historical.py
A,data/benchmark/sources/oncology/v1/runs/topic-regression/cardio-expanded.json,,retain,topic selection and provenance,Source identities/attribution/metadata and authoring/migration records; saved topic runs provide historical comparison or parent provenance,data/manifest.json; tools/corpus/verify_cardiology_selection.py; tools/corpus/verify_oncology_release.py; tools/historical.py
A,data/benchmark/sources/oncology/v1/runs/topic-regression/cardiology/conditions.json,,retain,topic selection and provenance,Source identities/attribution/metadata and authoring/migration records; saved topic runs provide historical comparison or parent provenance,data/manifest.json; tools/corpus/verify_cardiology_selection.py; tools/corpus/verify_oncology_release.py; tools/historical.py
A,data/benchmark/sources/oncology/v1/runs/topic-regression/cardiology/manifest.json,,retain,topic selection and provenance,Source identities/attribution/metadata and authoring/migration records; saved topic runs provide historical comparison or parent provenance,data/manifest.json; tools/corpus/verify_cardiology_selection.py; tools/corpus/verify_oncology_release.py; tools/historical.py
A,data/benchmark/sources/oncology/v1/runs/topic-regression/cardiology/queries.json,,retain,topic selection and provenance,Source identities/attribution/metadata and authoring/migration records; saved topic runs provide historical comparison or parent provenance,data/manifest.json; tools/corpus/verify_cardiology_selection.py; tools/corpus/verify_oncology_release.py; tools/historical.py
A,data/benchmark/sources/oncology/v1/runs/topic-regression/diabetes-baseline.json,,retain,topic selection and provenance,Source identities/attribution/metadata and authoring/migration records; saved topic runs provide historical comparison or parent provenance,data/manifest.json; tools/corpus/verify_cardiology_selection.py; tools/corpus/verify_oncology_release.py; tools/historical.py
A,data/benchmark/sources/oncology/v1/runs/topic-regression/diabetes-comparison.txt,,retain,topic selection and provenance,Source identities/attribution/metadata and authoring/migration records; saved topic runs provide historical comparison or parent provenance,data/manifest.json; tools/corpus/verify_cardiology_selection.py; tools/corpus/verify_oncology_release.py; tools/historical.py
A,data/benchmark/sources/oncology/v1/runs/topic-regression/diabetes-expanded.json,,retain,topic selection and provenance,Source identities/attribution/metadata and authoring/migration records; saved topic runs provide historical comparison or parent provenance,data/manifest.json; tools/corpus/verify_cardiology_selection.py; tools/corpus/verify_oncology_release.py; tools/historical.py
A,data/benchmark/sources/oncology/v1/runs/topic-regression/diabetes/conditions.json,,retain,topic selection and provenance,Source identities/attribution/metadata and authoring/migration records; saved topic runs provide historical comparison or parent provenance,data/manifest.json; tools/corpus/verify_cardiology_selection.py; tools/corpus/verify_oncology_release.py; tools/historical.py
A,data/benchmark/sources/oncology/v1/runs/topic-regression/diabetes/manifest.json,,retain,topic selection and provenance,Source identities/attribution/metadata and authoring/migration records; saved topic runs provide historical comparison or parent provenance,data/manifest.json; tools/corpus/verify_cardiology_selection.py; tools/corpus/verify_oncology_release.py; tools/historical.py
A,data/benchmark/sources/oncology/v1/runs/topic-regression/diabetes/queries.json,,retain,topic selection and provenance,Source identities/attribution/metadata and authoring/migration records; saved topic runs provide historical comparison or parent provenance,data/manifest.json; tools/corpus/verify_cardiology_selection.py; tools/corpus/verify_oncology_release.py; tools/historical.py
A,data/benchmark/sources/oncology/v1/runs/topic-regression/expanded-ingestion.json,,retain,topic selection and provenance,Source identities/attribution/metadata and authoring/migration records; saved topic runs provide historical comparison or parent provenance,data/manifest.json; tools/corpus/verify_cardiology_selection.py; tools/corpus/verify_oncology_release.py; tools/historical.py
A,data/benchmark/sources/oncology/v1/runs/topic-regression/parents.json,,retain,topic selection and provenance,Source identities/attribution/metadata and authoring/migration records; saved topic runs provide historical comparison or parent provenance,data/manifest.json; tools/corpus/verify_cardiology_selection.py; tools/corpus/verify_oncology_release.py; tools/historical.py
A,data/benchmark/sources/outliers/v1/ATTRIBUTION.md,,retain,topic selection and provenance,Source identities/attribution/metadata and authoring/migration records; saved topic runs provide historical comparison or parent provenance,data/manifest.json; tools/corpus/verify_cardiology_selection.py; tools/corpus/verify_oncology_release.py; tools/historical.py
A,data/benchmark/sources/outliers/v1/README.md,,retain,topic selection and provenance,Source identities/attribution/metadata and authoring/migration records; saved topic runs provide historical comparison or parent provenance,data/manifest.json; tools/corpus/verify_cardiology_selection.py; tools/corpus/verify_oncology_release.py; tools/historical.py
A,data/benchmark/sources/outliers/v1/REPORT.md,,retain,topic selection and provenance,Source identities/attribution/metadata and authoring/migration records; saved topic runs provide historical comparison or parent provenance,data/manifest.json; tools/corpus/verify_cardiology_selection.py; tools/corpus/verify_oncology_release.py; tools/historical.py
A,data/benchmark/sources/outliers/v1/als-ftd-audit-v1/README.md,,retain,topic selection and provenance,Source identities/attribution/metadata and authoring/migration records; saved topic runs provide historical comparison or parent provenance,data/manifest.json; tools/corpus/verify_cardiology_selection.py; tools/corpus/verify_oncology_release.py; tools/historical.py
A,data/benchmark/sources/outliers/v1/als-ftd-audit-v1/audit.json,,retain,topic selection and provenance,Source identities/attribution/metadata and authoring/migration records; saved topic runs provide historical comparison or parent provenance,data/manifest.json; tools/corpus/verify_cardiology_selection.py; tools/corpus/verify_oncology_release.py; tools/historical.py
A,data/benchmark/sources/outliers/v1/als-ftd-audit-v1/verification.json,,retain,topic selection and provenance,Source identities/attribution/metadata and authoring/migration records; saved topic runs provide historical comparison or parent provenance,data/manifest.json; tools/corpus/verify_cardiology_selection.py; tools/corpus/verify_oncology_release.py; tools/historical.py
A,data/benchmark/sources/outliers/v1/candidate_log.json,,retain,topic selection and provenance,Source identities/attribution/metadata and authoring/migration records; saved topic runs provide historical comparison or parent provenance,data/manifest.json; tools/corpus/verify_cardiology_selection.py; tools/corpus/verify_oncology_release.py; tools/historical.py
A,data/benchmark/sources/outliers/v1/case_dependencies.json,,retain,topic selection and provenance,Source identities/attribution/metadata and authoring/migration records; saved topic runs provide historical comparison or parent provenance,data/manifest.json; tools/corpus/verify_cardiology_selection.py; tools/corpus/verify_oncology_release.py; tools/historical.py
A,data/benchmark/sources/outliers/v1/case_review.json,,retain,topic selection and provenance,Source identities/attribution/metadata and authoring/migration records; saved topic runs provide historical comparison or parent provenance,data/manifest.json; tools/corpus/verify_cardiology_selection.py; tools/corpus/verify_oncology_release.py; tools/historical.py
A,data/benchmark/sources/outliers/v1/conditions.json,,retain,topic selection and provenance,Source identities/attribution/metadata and authoring/migration records; saved topic runs provide historical comparison or parent provenance,data/manifest.json; tools/corpus/verify_cardiology_selection.py; tools/corpus/verify_oncology_release.py; tools/historical.py
A,data/benchmark/sources/outliers/v1/manifest.json,,retain,topic selection and provenance,Source identities/attribution/metadata and authoring/migration records; saved topic runs provide historical comparison or parent provenance,data/manifest.json; tools/corpus/verify_cardiology_selection.py; tools/corpus/verify_oncology_release.py; tools/historical.py
A,data/benchmark/sources/outliers/v1/metadata/PMC10765819.1.cloud.json,,retain,topic selection and provenance,Source identities/attribution/metadata and authoring/migration records; saved topic runs provide historical comparison or parent provenance,data/manifest.json; tools/corpus/verify_cardiology_selection.py; tools/corpus/verify_oncology_release.py; tools/historical.py
A,data/benchmark/sources/outliers/v1/metadata/PMC10765819.1.id-converter.json,,retain,topic selection and provenance,Source identities/attribution/metadata and authoring/migration records; saved topic runs provide historical comparison or parent provenance,data/manifest.json; tools/corpus/verify_cardiology_selection.py; tools/corpus/verify_oncology_release.py; tools/historical.py
A,data/benchmark/sources/outliers/v1/metadata/PMC10765819.1.pubmed.xml,,retain,topic selection and provenance,Source identities/attribution/metadata and authoring/migration records; saved topic runs provide historical comparison or parent provenance,data/manifest.json; tools/corpus/verify_cardiology_selection.py; tools/corpus/verify_oncology_release.py; tools/historical.py
A,data/benchmark/sources/outliers/v1/metadata/PMC10997137.1.cloud.json,,retain,topic selection and provenance,Source identities/attribution/metadata and authoring/migration records; saved topic runs provide historical comparison or parent provenance,data/manifest.json; tools/corpus/verify_cardiology_selection.py; tools/corpus/verify_oncology_release.py; tools/historical.py
A,data/benchmark/sources/outliers/v1/metadata/PMC10997137.1.id-converter.json,,retain,topic selection and provenance,Source identities/attribution/metadata and authoring/migration records; saved topic runs provide historical comparison or parent provenance,data/manifest.json; tools/corpus/verify_cardiology_selection.py; tools/corpus/verify_oncology_release.py; tools/historical.py
A,data/benchmark/sources/outliers/v1/metadata/PMC10997137.1.pubmed.xml,,retain,topic selection and provenance,Source identities/attribution/metadata and authoring/migration records; saved topic runs provide historical comparison or parent provenance,data/manifest.json; tools/corpus/verify_cardiology_selection.py; tools/corpus/verify_oncology_release.py; tools/historical.py
A,data/benchmark/sources/outliers/v1/metadata/PMC11411718.1.cloud.json,,retain,topic selection and provenance,Source identities/attribution/metadata and authoring/migration records; saved topic runs provide historical comparison or parent provenance,data/manifest.json; tools/corpus/verify_cardiology_selection.py; tools/corpus/verify_oncology_release.py; tools/historical.py
A,data/benchmark/sources/outliers/v1/metadata/PMC11411718.1.id-converter.json,,retain,topic selection and provenance,Source identities/attribution/metadata and authoring/migration records; saved topic runs provide historical comparison or parent provenance,data/manifest.json; tools/corpus/verify_cardiology_selection.py; tools/corpus/verify_oncology_release.py; tools/historical.py
A,data/benchmark/sources/outliers/v1/metadata/PMC11411718.1.pubmed.xml,,retain,topic selection and provenance,Source identities/attribution/metadata and authoring/migration records; saved topic runs provide historical comparison or parent provenance,data/manifest.json; tools/corpus/verify_cardiology_selection.py; tools/corpus/verify_oncology_release.py; tools/historical.py
A,data/benchmark/sources/outliers/v1/metadata/PMC12823827.1.cloud.json,,retain,topic selection and provenance,Source identities/attribution/metadata and authoring/migration records; saved topic runs provide historical comparison or parent provenance,data/manifest.json; tools/corpus/verify_cardiology_selection.py; tools/corpus/verify_oncology_release.py; tools/historical.py
A,data/benchmark/sources/outliers/v1/metadata/PMC12823827.1.id-converter.json,,retain,topic selection and provenance,Source identities/attribution/metadata and authoring/migration records; saved topic runs provide historical comparison or parent provenance,data/manifest.json; tools/corpus/verify_cardiology_selection.py; tools/corpus/verify_oncology_release.py; tools/historical.py
A,data/benchmark/sources/outliers/v1/metadata/PMC12823827.1.pubmed.xml,,retain,topic selection and provenance,Source identities/attribution/metadata and authoring/migration records; saved topic runs provide historical comparison or parent provenance,data/manifest.json; tools/corpus/verify_cardiology_selection.py; tools/corpus/verify_oncology_release.py; tools/historical.py
A,data/benchmark/sources/outliers/v1/metadata/PMC13328407.1.cloud.json,,retain,topic selection and provenance,Source identities/attribution/metadata and authoring/migration records; saved topic runs provide historical comparison or parent provenance,data/manifest.json; tools/corpus/verify_cardiology_selection.py; tools/corpus/verify_oncology_release.py; tools/historical.py
A,data/benchmark/sources/outliers/v1/metadata/PMC13328407.1.id-converter.json,,retain,topic selection and provenance,Source identities/attribution/metadata and authoring/migration records; saved topic runs provide historical comparison or parent provenance,data/manifest.json; tools/corpus/verify_cardiology_selection.py; tools/corpus/verify_oncology_release.py; tools/historical.py
A,data/benchmark/sources/outliers/v1/metadata/PMC13328407.1.pubmed.xml,,retain,topic selection and provenance,Source identities/attribution/metadata and authoring/migration records; saved topic runs provide historical comparison or parent provenance,data/manifest.json; tools/corpus/verify_cardiology_selection.py; tools/corpus/verify_oncology_release.py; tools/historical.py
A,data/benchmark/sources/outliers/v1/migration.json,,retain,topic selection and provenance,Source identities/attribution/metadata and authoring/migration records; saved topic runs provide historical comparison or parent provenance,data/manifest.json; tools/corpus/verify_cardiology_selection.py; tools/corpus/verify_oncology_release.py; tools/historical.py
A,data/benchmark/sources/outliers/v1/queries.json,,retain,topic selection and provenance,Source identities/attribution/metadata and authoring/migration records; saved topic runs provide historical comparison or parent provenance,data/manifest.json; tools/corpus/verify_cardiology_selection.py; tools/corpus/verify_oncology_release.py; tools/historical.py
A,data/benchmark/sources/outliers/v1/regression/conditions.json,,retain,topic selection and provenance,Source identities/attribution/metadata and authoring/migration records; saved topic runs provide historical comparison or parent provenance,data/manifest.json; tools/corpus/verify_cardiology_selection.py; tools/corpus/verify_oncology_release.py; tools/historical.py
A,data/benchmark/sources/outliers/v1/regression/manifest.json,,retain,topic selection and provenance,Source identities/attribution/metadata and authoring/migration records; saved topic runs provide historical comparison or parent provenance,data/manifest.json; tools/corpus/verify_cardiology_selection.py; tools/corpus/verify_oncology_release.py; tools/historical.py
A,data/benchmark/sources/outliers/v1/regression/queries.json,,retain,topic selection and provenance,Source identities/attribution/metadata and authoring/migration records; saved topic runs provide historical comparison or parent provenance,data/manifest.json; tools/corpus/verify_cardiology_selection.py; tools/corpus/verify_oncology_release.py; tools/historical.py
A,data/benchmark/sources/outliers/v1/runs/outliers-C1-vector-final-v2.json,,retain,topic selection and provenance,Source identities/attribution/metadata and authoring/migration records; saved topic runs provide historical comparison or parent provenance,data/manifest.json; tools/corpus/verify_cardiology_selection.py; tools/corpus/verify_oncology_release.py; tools/historical.py
A,data/benchmark/sources/outliers/v1/runs/outliers-C1-vector-reviewed.json,,retain,topic selection and provenance,Source identities/attribution/metadata and authoring/migration records; saved topic runs provide historical comparison or parent provenance,data/manifest.json; tools/corpus/verify_cardiology_selection.py; tools/corpus/verify_oncology_release.py; tools/historical.py
A,data/benchmark/sources/outliers/v1/runs/topic-regression/C1-ingestion.json,,retain,topic selection and provenance,Source identities/attribution/metadata and authoring/migration records; saved topic runs provide historical comparison or parent provenance,data/manifest.json; tools/corpus/verify_cardiology_selection.py; tools/corpus/verify_oncology_release.py; tools/historical.py
A,data/benchmark/sources/outliers/v1/runs/topic-regression/C1-vector-final-v2.json,,retain,topic selection and provenance,Source identities/attribution/metadata and authoring/migration records; saved topic runs provide historical comparison or parent provenance,data/manifest.json; tools/corpus/verify_cardiology_selection.py; tools/corpus/verify_oncology_release.py; tools/historical.py
A,data/benchmark/sources/outliers/v1/runs/topic-regression/C2-ingestion.json,,retain,topic selection and provenance,Source identities/attribution/metadata and authoring/migration records; saved topic runs provide historical comparison or parent provenance,data/manifest.json; tools/corpus/verify_cardiology_selection.py; tools/corpus/verify_oncology_release.py; tools/historical.py
A,data/benchmark/sources/outliers/v1/runs/topic-regression/C2-vector-final-v2.json,,retain,topic selection and provenance,Source identities/attribution/metadata and authoring/migration records; saved topic runs provide historical comparison or parent provenance,data/manifest.json; tools/corpus/verify_cardiology_selection.py; tools/corpus/verify_oncology_release.py; tools/historical.py
A,data/benchmark/sources/outliers/v1/topic_relationships.json,,retain,topic selection and provenance,Source identities/attribution/metadata and authoring/migration records; saved topic runs provide historical comparison or parent provenance,data/manifest.json; tools/corpus/verify_cardiology_selection.py; tools/corpus/verify_oncology_release.py; tools/historical.py
A,data/evaluations/analysis.json,,retain,current saved experiment,"Ranked contexts, ingestion receipts, recomputable analysis and original seal/overlay needed to inspect reported claims",tools/historical.py; data/findings/retrieval.md; data/findings/combined-benchmark-v2.json
A,data/evaluations/provenance/artifact_hashes.json,,retain,current saved experiment,"Ranked contexts, ingestion receipts, recomputable analysis and original seal/overlay needed to inspect reported claims",tools/historical.py; data/findings/retrieval.md; data/findings/combined-benchmark-v2.json
A,data/evaluations/provenance/release_verification_v1.json,,retain,current saved experiment,"Ranked contexts, ingestion receipts, recomputable analysis and original seal/overlay needed to inspect reported claims",tools/historical.py; data/findings/retrieval.md; data/findings/combined-benchmark-v2.json
A,data/evaluations/provenance/verification.json,,retain,current saved experiment,"Ranked contexts, ingestion receipts, recomputable analysis and original seal/overlay needed to inspect reported claims",tools/historical.py; data/findings/retrieval.md; data/findings/combined-benchmark-v2.json
A,data/evaluations/runs/C3-ingestion.json,,retain,current saved experiment,"Ranked contexts, ingestion receipts, recomputable analysis and original seal/overlay needed to inspect reported claims",tools/historical.py; data/findings/retrieval.md; data/findings/combined-benchmark-v2.json
A,data/evaluations/runs/als-ftd-C1-ingestion.json,,retain,current saved experiment,"Ranked contexts, ingestion receipts, recomputable analysis and original seal/overlay needed to inspect reported claims",tools/historical.py; data/findings/retrieval.md; data/findings/combined-benchmark-v2.json
A,data/evaluations/runs/als-ftd-C1-vector.json,,retain,current saved experiment,"Ranked contexts, ingestion receipts, recomputable analysis and original seal/overlay needed to inspect reported claims",tools/historical.py; data/findings/retrieval.md; data/findings/combined-benchmark-v2.json
A,data/evaluations/runs/als-ftd-C3-vector.json,,retain,current saved experiment,"Ranked contexts, ingestion receipts, recomputable analysis and original seal/overlay needed to inspect reported claims",tools/historical.py; data/findings/retrieval.md; data/findings/combined-benchmark-v2.json
A,data/evaluations/runs/cardiology-C1-ingestion.json,,retain,current saved experiment,"Ranked contexts, ingestion receipts, recomputable analysis and original seal/overlay needed to inspect reported claims",tools/historical.py; data/findings/retrieval.md; data/findings/combined-benchmark-v2.json
A,data/evaluations/runs/cardiology-C1-vector.json,,retain,current saved experiment,"Ranked contexts, ingestion receipts, recomputable analysis and original seal/overlay needed to inspect reported claims",tools/historical.py; data/findings/retrieval.md; data/findings/combined-benchmark-v2.json
A,data/evaluations/runs/cardiology-C2-ingestion.json,,retain,current saved experiment,"Ranked contexts, ingestion receipts, recomputable analysis and original seal/overlay needed to inspect reported claims",tools/historical.py; data/findings/retrieval.md; data/findings/combined-benchmark-v2.json
A,data/evaluations/runs/cardiology-C2-vector.json,,retain,current saved experiment,"Ranked contexts, ingestion receipts, recomputable analysis and original seal/overlay needed to inspect reported claims",tools/historical.py; data/findings/retrieval.md; data/findings/combined-benchmark-v2.json
A,data/evaluations/runs/cardiology-C3-vector.json,,retain,current saved experiment,"Ranked contexts, ingestion receipts, recomputable analysis and original seal/overlay needed to inspect reported claims",tools/historical.py; data/findings/retrieval.md; data/findings/combined-benchmark-v2.json
A,data/evaluations/runs/diabetes-C2-ingestion.json,,retain,current saved experiment,"Ranked contexts, ingestion receipts, recomputable analysis and original seal/overlay needed to inspect reported claims",tools/historical.py; data/findings/retrieval.md; data/findings/combined-benchmark-v2.json
A,data/evaluations/runs/diabetes-C2-vector.json,,retain,current saved experiment,"Ranked contexts, ingestion receipts, recomputable analysis and original seal/overlay needed to inspect reported claims",tools/historical.py; data/findings/retrieval.md; data/findings/combined-benchmark-v2.json
A,data/evaluations/runs/diabetes-C3-vector.json,,retain,current saved experiment,"Ranked contexts, ingestion receipts, recomputable analysis and original seal/overlay needed to inspect reported claims",tools/historical.py; data/findings/retrieval.md; data/findings/combined-benchmark-v2.json
A,data/evaluations/runs/oncology-C2-ingestion.json,,retain,current saved experiment,"Ranked contexts, ingestion receipts, recomputable analysis and original seal/overlay needed to inspect reported claims",tools/historical.py; data/findings/retrieval.md; data/findings/combined-benchmark-v2.json
A,data/evaluations/runs/oncology-C2-vector.json,,retain,current saved experiment,"Ranked contexts, ingestion receipts, recomputable analysis and original seal/overlay needed to inspect reported claims",tools/historical.py; data/findings/retrieval.md; data/findings/combined-benchmark-v2.json
A,data/evaluations/runs/oncology-C3-vector.json,,retain,current saved experiment,"Ranked contexts, ingestion receipts, recomputable analysis and original seal/overlay needed to inspect reported claims",tools/historical.py; data/findings/retrieval.md; data/findings/combined-benchmark-v2.json
A,data/evaluations/runs/outliers-C1-ingestion.json,,retain,current saved experiment,"Ranked contexts, ingestion receipts, recomputable analysis and original seal/overlay needed to inspect reported claims",tools/historical.py; data/findings/retrieval.md; data/findings/combined-benchmark-v2.json
A,data/evaluations/runs/outliers-C1-vector.json,,retain,current saved experiment,"Ranked contexts, ingestion receipts, recomputable analysis and original seal/overlay needed to inspect reported claims",tools/historical.py; data/findings/retrieval.md; data/findings/combined-benchmark-v2.json
A,data/evaluations/runs/outliers-C3-vector.json,,retain,current saved experiment,"Ranked contexts, ingestion receipts, recomputable analysis and original seal/overlay needed to inspect reported claims",tools/historical.py; data/findings/retrieval.md; data/findings/combined-benchmark-v2.json
A,data/findings/combined-benchmark-v2.json,,retain,durable scientific findings,Measured results and query-centered conflicts with source/configuration provenance and explicit answer-quality limits,data/evaluations/analysis.json; data/benchmark/case_dependencies.json; README.md
A,data/findings/retrieval.md,,retain,durable scientific findings,Measured results and query-centered conflicts with source/configuration provenance and explicit answer-quality limits,data/evaluations/analysis.json; data/benchmark/case_dependencies.json; README.md
A,data/findings/source-conflicts.md,,retain,durable scientific findings,Measured results and query-centered conflicts with source/configuration provenance and explicit answer-quality limits,data/evaluations/analysis.json; data/benchmark/case_dependencies.json; README.md
A,data/layout.json,,retain,historical relocation map,Maps original provenance paths to exact relocated bytes; avoids rewriting scientific records,tools/layout.py; tools/historical.py
A,data/manifest.json,,retain,current corpus manifest,Single authoritative V2 article inventory and pinned source/version/hash metadata,data/benchmark/*/manifest.json; tools/corpus/download_corpus.py; tools/evaluation/eval_benchmark.py
A,docs/benchmark-standards.md,,consolidate,current reader guidance,Current-first reader guidance; historical detail separated or explicitly scoped; scientific contracts preserved,docs/historical-benchmark.md; docs/historical-evaluation-methodology.md; data/README.md; data/findings/
A,docs/historical-benchmark.md,,retain,documentation and decisions,"Durable design/setup/selection rules, historical reproduction or exact release-selection rationale",README.md; data/README.md; tools/README.md
A,docs/historical-evaluation-methodology.md,,retain,documentation and decisions,"Durable design/setup/selection rules, historical reproduction or exact release-selection rationale",README.md; data/README.md; tools/README.md
A,docs/release-inventory.csv,,retain,documentation and decisions,"Durable design/setup/selection rules, historical reproduction or exact release-selection rationale",README.md; data/README.md; tools/README.md
A,docs/release-scope.md,,retain,documentation and decisions,"Durable design/setup/selection rules, historical reproduction or exact release-selection rationale",README.md; data/README.md; tools/README.md
M,quality/README.md,,retain,existing quality tooling,Keeps opt-in diagnostics and existing audit links aligned with moved utilities; historical audit is not a fresh measurement,tools/corpus/; tools/evaluation/; quality/evidence/mutations.json
M,quality/quality_hotspots.py,,retain,existing quality tooling,Keeps opt-in diagnostics and existing audit links aligned with moved utilities; historical audit is not a fresh measurement,tools/corpus/; tools/evaluation/; quality/evidence/mutations.json
M,quality/test-strength-audit.md,,retain,existing quality tooling,Keeps opt-in diagnostics and existing audit links aligned with moved utilities; historical audit is not a fresh measurement,tools/corpus/; tools/evaluation/; quality/evidence/mutations.json
M,quality/verify_test_strength.py,,retain,existing quality tooling,Keeps opt-in diagnostics and existing audit links aligned with moved utilities; historical audit is not a fresh measurement,tools/corpus/; tools/evaluation/; quality/evidence/mutations.json
M,seed_corpus/ATTRIBUTION.md,,retain,documentation and decisions,"Durable design/setup/selection rules, historical reproduction or exact release-selection rationale",README.md; data/README.md; tools/README.md
A,test_benchmark.py,,retain,offline regression,Protects current tools/scorer/provenance/import paths and preserves offline regression coverage,tools/corpus/; tools/evaluation/; tools/historical.py
A,test_case_index.py,,retain,offline regression,Protects current tools/scorer/provenance/import paths and preserves offline regression coverage,tools/corpus/; tools/evaluation/; tools/historical.py
M,test_corpus_tools.py,,retain,offline regression,Protects current tools/scorer/provenance/import paths and preserves offline regression coverage,tools/corpus/; tools/evaluation/; tools/historical.py
M,test_download_corpus.py,,retain,offline regression,Protects current tools/scorer/provenance/import paths and preserves offline regression coverage,tools/corpus/; tools/evaluation/; tools/historical.py
M,test_evaluation.py,,retain,offline regression,Protects current tools/scorer/provenance/import paths and preserves offline regression coverage,tools/corpus/; tools/evaluation/; tools/historical.py
A,test_fetch_article_metadata.py,,retain,offline regression,Protects current tools/scorer/provenance/import paths and preserves offline regression coverage,tools/corpus/; tools/evaluation/; tools/historical.py
A,test_historical_tools.py,,retain,offline regression,Protects current tools/scorer/provenance/import paths and preserves offline regression coverage,tools/corpus/; tools/evaluation/; tools/historical.py
A,test_verify_cardiology_selection.py,,retain,offline regression,Protects current tools/scorer/provenance/import paths and preserves offline regression coverage,tools/corpus/; tools/evaluation/; tools/historical.py
A,test_verify_oncology_release.py,,retain,offline regression,Protects current tools/scorer/provenance/import paths and preserves offline regression coverage,tools/corpus/; tools/evaluation/; tools/historical.py
A,tools/README.md,,retain,maintained utilities,"Corpus acquisition/ingestion/integrity, production retrieval evaluation/comparison, generated cases or safe historical path/replay support",tools/README.md; data/README.md; current test modules
A,tools/__init__.py,,retain,maintained utilities,"Corpus acquisition/ingestion/integrity, production retrieval evaluation/comparison, generated cases or safe historical path/replay support",tools/README.md; data/README.md; current test modules
A,tools/corpus/__init__.py,,retain,maintained utilities,"Corpus acquisition/ingestion/integrity, production retrieval evaluation/comparison, generated cases or safe historical path/replay support",tools/README.md; data/README.md; current test modules
R098,tools/corpus/download_corpus.py,download_corpus.py,retain,maintained utilities,"Corpus acquisition/ingestion/integrity, production retrieval evaluation/comparison, generated cases or safe historical path/replay support",tools/README.md; data/README.md; current test modules
A,tools/corpus/fetch_article_metadata.py,,retain,maintained utilities,"Corpus acquisition/ingestion/integrity, production retrieval evaluation/comparison, generated cases or safe historical path/replay support",tools/README.md; data/README.md; current test modules
R095,tools/corpus/ingest_corpus.py,ingest_corpus.py,retain,maintained utilities,"Corpus acquisition/ingestion/integrity, production retrieval evaluation/comparison, generated cases or safe historical path/replay support",tools/README.md; data/README.md; current test modules
A,tools/corpus/prepare_corpus.py,,retain,maintained utilities,"Corpus acquisition/ingestion/integrity, production retrieval evaluation/comparison, generated cases or safe historical path/replay support",tools/README.md; data/README.md; current test modules
R100,tools/corpus/reset_collection.py,reset_collection.py,retain,maintained utilities,"Corpus acquisition/ingestion/integrity, production retrieval evaluation/comparison, generated cases or safe historical path/replay support",tools/README.md; data/README.md; current test modules
A,tools/corpus/verify_als_ftd_alternatives.py,,retain,maintained utilities,"Corpus acquisition/ingestion/integrity, production retrieval evaluation/comparison, generated cases or safe historical path/replay support",tools/README.md; data/README.md; current test modules
A,tools/corpus/verify_als_ftd_release.py,,retain,maintained utilities,"Corpus acquisition/ingestion/integrity, production retrieval evaluation/comparison, generated cases or safe historical path/replay support",tools/README.md; data/README.md; current test modules
A,tools/corpus/verify_benchmark_reachability.py,,retain,maintained utilities,"Corpus acquisition/ingestion/integrity, production retrieval evaluation/comparison, generated cases or safe historical path/replay support",tools/README.md; data/README.md; current test modules
A,tools/corpus/verify_cardiology_selection.py,,retain,maintained utilities,"Corpus acquisition/ingestion/integrity, production retrieval evaluation/comparison, generated cases or safe historical path/replay support",tools/README.md; data/README.md; current test modules
A,tools/corpus/verify_oncology_release.py,,retain,maintained utilities,"Corpus acquisition/ingestion/integrity, production retrieval evaluation/comparison, generated cases or safe historical path/replay support",tools/README.md; data/README.md; current test modules
A,tools/evaluation/__init__.py,,retain,maintained utilities,"Corpus acquisition/ingestion/integrity, production retrieval evaluation/comparison, generated cases or safe historical path/replay support",tools/README.md; data/README.md; current test modules
A,tools/evaluation/benchmark_scoring.py,,retain,maintained utilities,"Corpus acquisition/ingestion/integrity, production retrieval evaluation/comparison, generated cases or safe historical path/replay support",tools/README.md; data/README.md; current test modules
A,tools/evaluation/compare_evals.py,,retain,maintained utilities,"Corpus acquisition/ingestion/integrity, production retrieval evaluation/comparison, generated cases or safe historical path/replay support",tools/README.md; data/README.md; current test modules
R100,tools/evaluation/debug_bm25.py,debug_bm25.py,retain,maintained utilities,"Corpus acquisition/ingestion/integrity, production retrieval evaluation/comparison, generated cases or safe historical path/replay support",tools/README.md; data/README.md; current test modules
A,tools/evaluation/eval_benchmark.py,,retain,maintained utilities,"Corpus acquisition/ingestion/integrity, production retrieval evaluation/comparison, generated cases or safe historical path/replay support",tools/README.md; data/README.md; current test modules
R096,tools/evaluation/eval_context_sufficient.py,eval_context_sufficient.py,retain,maintained utilities,"Corpus acquisition/ingestion/integrity, production retrieval evaluation/comparison, generated cases or safe historical path/replay support",tools/README.md; data/README.md; current test modules
R083,tools/evaluation/eval_golden.py,eval_golden.py,retain,maintained utilities,"Corpus acquisition/ingestion/integrity, production retrieval evaluation/comparison, generated cases or safe historical path/replay support",tools/README.md; data/README.md; current test modules
A,tools/evaluation/historical/benchmark/cardiology/v1/runs/ingest_isolated.py,,retain,preserved historical runtime,Original helper or regression bytes remain hash-bound; required to inspect/replay earlier experiment logic,tools/historical.py; data/layout.json; data/evaluations/provenance/artifact_hashes.json
A,tools/evaluation/historical/benchmark/cardiology/v1/runs/ingest_isolated_20261002.py,,retain,preserved historical runtime,Original helper or regression bytes remain hash-bound; required to inspect/replay earlier experiment logic,tools/historical.py; data/layout.json; data/evaluations/provenance/artifact_hashes.json
A,tools/evaluation/historical/benchmark/combined/build_corrected_release.py,,retain,preserved historical runtime,Original helper or regression bytes remain hash-bound; required to inspect/replay earlier experiment logic,tools/historical.py; data/layout.json; data/evaluations/provenance/artifact_hashes.json
A,tools/evaluation/historical/benchmark/combined/build_release.py,,retain,preserved historical runtime,Original helper or regression bytes remain hash-bound; required to inspect/replay earlier experiment logic,tools/historical.py; data/layout.json; data/evaluations/provenance/artifact_hashes.json
A,tools/evaluation/historical/benchmark/combined/derive_baseline.py,,retain,preserved historical runtime,Original helper or regression bytes remain hash-bound; required to inspect/replay earlier experiment logic,tools/historical.py; data/layout.json; data/evaluations/provenance/artifact_hashes.json
A,tools/evaluation/historical/benchmark/combined/reuse_store.py,,retain,preserved historical runtime,Original helper or regression bytes remain hash-bound; required to inspect/replay earlier experiment logic,tools/historical.py; data/layout.json; data/evaluations/provenance/artifact_hashes.json
A,tools/evaluation/historical/benchmark/combined/summarize_runs.py,,retain,preserved historical runtime,Original helper or regression bytes remain hash-bound; required to inspect/replay earlier experiment logic,tools/historical.py; data/layout.json; data/evaluations/provenance/artifact_hashes.json
A,tools/evaluation/historical/benchmark/combined/verify_corrected_release.py,,retain,preserved historical runtime,Original helper or regression bytes remain hash-bound; required to inspect/replay earlier experiment logic,tools/historical.py; data/layout.json; data/evaluations/provenance/artifact_hashes.json
A,tools/evaluation/historical/benchmark/combined/verify_corrected_runs.py,,retain,preserved historical runtime,Original helper or regression bytes remain hash-bound; required to inspect/replay earlier experiment logic,tools/historical.py; data/layout.json; data/evaluations/provenance/artifact_hashes.json
A,tools/evaluation/historical/benchmark/combined/verify_release_artifacts.py,,retain,preserved historical runtime,Original helper or regression bytes remain hash-bound; required to inspect/replay earlier experiment logic,tools/historical.py; data/layout.json; data/evaluations/provenance/artifact_hashes.json
A,tools/evaluation/historical/benchmark/diabetes/v1/runs/ingest_isolated.py,,retain,preserved historical runtime,Original helper or regression bytes remain hash-bound; required to inspect/replay earlier experiment logic,tools/historical.py; data/layout.json; data/evaluations/provenance/artifact_hashes.json
A,tools/evaluation/historical/benchmark/diabetes/v1/runs/rescore_saved.py,,retain,preserved historical runtime,Original helper or regression bytes remain hash-bound; required to inspect/replay earlier experiment logic,tools/historical.py; data/layout.json; data/evaluations/provenance/artifact_hashes.json
A,tools/evaluation/historical/benchmark/oncology/v1/render_decisions.py,,retain,preserved historical runtime,Original helper or regression bytes remain hash-bound; required to inspect/replay earlier experiment logic,tools/historical.py; data/layout.json; data/evaluations/provenance/artifact_hashes.json
A,tools/evaluation/historical/benchmark/oncology/v1/runs/assemble_runs.py,,retain,preserved historical runtime,Original helper or regression bytes remain hash-bound; required to inspect/replay earlier experiment logic,tools/historical.py; data/layout.json; data/evaluations/provenance/artifact_hashes.json
A,tools/evaluation/historical/benchmark/oncology/v1/runs/ingest_isolated.py,,retain,preserved historical runtime,Original helper or regression bytes remain hash-bound; required to inspect/replay earlier experiment logic,tools/historical.py; data/layout.json; data/evaluations/provenance/artifact_hashes.json
A,tools/evaluation/historical/benchmark/outliers/v1/als-ftd-audit-v1/verify.py,,retain,preserved historical runtime,Original helper or regression bytes remain hash-bound; required to inspect/replay earlier experiment logic,tools/historical.py; data/layout.json; data/evaluations/provenance/artifact_hashes.json
A,tools/evaluation/historical/benchmark/outliers/v1/runs/build_topic_regression.py,,retain,preserved historical runtime,Original helper or regression bytes remain hash-bound; required to inspect/replay earlier experiment logic,tools/historical.py; data/layout.json; data/evaluations/provenance/artifact_hashes.json
A,tools/evaluation/historical/benchmark/outliers/v1/runs/ingest_isolated.py,,retain,preserved historical runtime,Original helper or regression bytes remain hash-bound; required to inspect/replay earlier experiment logic,tools/historical.py; data/layout.json; data/evaluations/provenance/artifact_hashes.json
A,tools/evaluation/historical/benchmark/outliers/v1/runs/prepare_regression_corpus.py,,retain,preserved historical runtime,Original helper or regression bytes remain hash-bound; required to inspect/replay earlier experiment logic,tools/historical.py; data/layout.json; data/evaluations/provenance/artifact_hashes.json
A,tools/evaluation/historical/tests/test_combined_baseline.py,,retain,preserved historical runtime,Original helper or regression bytes remain hash-bound; required to inspect/replay earlier experiment logic,tools/historical.py; data/layout.json; data/evaluations/provenance/artifact_hashes.json
A,tools/evaluation/historical/tests/test_corrected_combined.py,,retain,preserved historical runtime,Original helper or regression bytes remain hash-bound; required to inspect/replay earlier experiment logic,tools/historical.py; data/layout.json; data/evaluations/provenance/artifact_hashes.json
A,tools/evaluation/historical/tests/test_isolated_ingestion.py,,retain,preserved historical runtime,Original helper or regression bytes remain hash-bound; required to inspect/replay earlier experiment logic,tools/historical.py; data/layout.json; data/evaluations/provenance/artifact_hashes.json
A,tools/evaluation/historical/tests/test_release_artifacts.py,,retain,preserved historical runtime,Original helper or regression bytes remain hash-bound; required to inspect/replay earlier experiment logic,tools/historical.py; data/layout.json; data/evaluations/provenance/artifact_hashes.json
A,tools/evaluation/render_case_index.py,,retain,maintained utilities,"Corpus acquisition/ingestion/integrity, production retrieval evaluation/comparison, generated cases or safe historical path/replay support",tools/README.md; data/README.md; current test modules
R100,tools/evaluation/show_failures.py,show_failures.py,retain,maintained utilities,"Corpus acquisition/ingestion/integrity, production retrieval evaluation/comparison, generated cases or safe historical path/replay support",tools/README.md; data/README.md; current test modules
A,tools/historical.py,,retain,maintained utilities,"Corpus acquisition/ingestion/integrity, production retrieval evaluation/comparison, generated cases or safe historical path/replay support",tools/README.md; data/README.md; current test modules
A,tools/layout.py,,retain,maintained utilities,"Corpus acquisition/ingestion/integrity, production retrieval evaluation/comparison, generated cases or safe historical path/replay support",tools/README.md; data/README.md; current test modules
